Problem_ID,n,trig,b,problem_latex,answer_latex
IBP_n00_sin_b01_00,0,sin,1,"Evaluate the indefinite integral.

\int \sin(x)\,dx

Show all steps. Give the antiderivative (omit the constant of integration) inside \boxed{}.",- \cos{\left(x \right)}
IBP_n00_sin_b07_01,0,sin,7,"Evaluate the indefinite integral.

\int \sin(7x)\,dx

Show all steps. Give the antiderivative (omit the constant of integration) inside \boxed{}.",- \frac{\cos{\left(7 x \right)}}{7}
IBP_n00_sin_b03_02,0,sin,3,"Evaluate the indefinite integral.

\int \sin(3x)\,dx

Show all steps. Give the antiderivative (omit the constant of integration) inside \boxed{}.",- \frac{\cos{\left(3 x \right)}}{3}
IBP_n00_sin_b09_03,0,sin,9,"Evaluate the indefinite integral.

\int \sin(9x)\,dx

Show all steps. Give the antiderivative (omit the constant of integration) inside \boxed{}.",- \frac{\cos{\left(9 x \right)}}{9}
IBP_n00_sin_b06_04,0,sin,6,"Evaluate the indefinite integral.

\int \sin(6x)\,dx

Show all steps. Give the antiderivative (omit the constant of integration) inside \boxed{}.",- \frac{\cos{\left(6 x \right)}}{6}
IBP_n00_sin_b10_05,0,sin,10,"Evaluate the indefinite integral.

\int \sin(10x)\,dx

Show all steps. Give the antiderivative (omit the constant of integration) inside \boxed{}.",- \frac{\cos{\left(10 x \right)}}{10}
IBP_n00_sin_b08_06,0,sin,8,"Evaluate the indefinite integral.

\int \sin(8x)\,dx

Show all steps. Give the antiderivative (omit the constant of integration) inside \boxed{}.",- \frac{\cos{\left(8 x \right)}}{8}
IBP_n00_sin_b04_07,0,sin,4,"Evaluate the indefinite integral.

\int \sin(4x)\,dx

Show all steps. Give the antiderivative (omit the constant of integration) inside \boxed{}.",- \frac{\cos{\left(4 x \right)}}{4}
IBP_n00_sin_b05_08,0,sin,5,"Evaluate the indefinite integral.

\int \sin(5x)\,dx

Show all steps. Give the antiderivative (omit the constant of integration) inside \boxed{}.",- \frac{\cos{\left(5 x \right)}}{5}
IBP_n00_sin_b02_09,0,sin,2,"Evaluate the indefinite integral.

\int \sin(2x)\,dx

Show all steps. Give the antiderivative (omit the constant of integration) inside \boxed{}.",- \frac{\cos{\left(2 x \right)}}{2}
IBP_n00_cos_b10_00,0,cos,10,"Evaluate the indefinite integral.

\int \cos(10x)\,dx

Show all steps. Give the antiderivative (omit the constant of integration) inside \boxed{}.",\frac{\sin{\left(10 x \right)}}{10}
IBP_n00_cos_b03_01,0,cos,3,"Evaluate the indefinite integral.

\int \cos(3x)\,dx

Show all steps. Give the antiderivative (omit the constant of integration) inside \boxed{}.",\frac{\sin{\left(3 x \right)}}{3}
IBP_n00_cos_b05_02,0,cos,5,"Evaluate the indefinite integral.

\int \cos(5x)\,dx

Show all steps. Give the antiderivative (omit the constant of integration) inside \boxed{}.",\frac{\sin{\left(5 x \right)}}{5}
IBP_n00_cos_b09_03,0,cos,9,"Evaluate the indefinite integral.

\int \cos(9x)\,dx

Show all steps. Give the antiderivative (omit the constant of integration) inside \boxed{}.",\frac{\sin{\left(9 x \right)}}{9}
IBP_n00_cos_b08_04,0,cos,8,"Evaluate the indefinite integral.

\int \cos(8x)\,dx

Show all steps. Give the antiderivative (omit the constant of integration) inside \boxed{}.",\frac{\sin{\left(8 x \right)}}{8}
IBP_n00_cos_b02_05,0,cos,2,"Evaluate the indefinite integral.

\int \cos(2x)\,dx

Show all steps. Give the antiderivative (omit the constant of integration) inside \boxed{}.",\frac{\sin{\left(2 x \right)}}{2}
IBP_n00_cos_b01_06,0,cos,1,"Evaluate the indefinite integral.

\int \cos(x)\,dx

Show all steps. Give the antiderivative (omit the constant of integration) inside \boxed{}.",\sin{\left(x \right)}
IBP_n00_cos_b04_07,0,cos,4,"Evaluate the indefinite integral.

\int \cos(4x)\,dx

Show all steps. Give the antiderivative (omit the constant of integration) inside \boxed{}.",\frac{\sin{\left(4 x \right)}}{4}
IBP_n00_cos_b06_08,0,cos,6,"Evaluate the indefinite integral.

\int \cos(6x)\,dx

Show all steps. Give the antiderivative (omit the constant of integration) inside \boxed{}.",\frac{\sin{\left(6 x \right)}}{6}
IBP_n00_cos_b07_09,0,cos,7,"Evaluate the indefinite integral.

\int \cos(7x)\,dx

Show all steps. Give the antiderivative (omit the constant of integration) inside \boxed{}.",\frac{\sin{\left(7 x \right)}}{7}
IBP_n01_sin_b09_00,1,sin,9,"Evaluate the indefinite integral.

\int x \sin(9x)\,dx

Show all steps. Give the antiderivative (omit the constant of integration) inside \boxed{}.",- \frac{x \cos{\left(9 x \right)}}{9} + \frac{\sin{\left(9 x \right)}}{81}
IBP_n01_sin_b06_01,1,sin,6,"Evaluate the indefinite integral.

\int x \sin(6x)\,dx

Show all steps. Give the antiderivative (omit the constant of integration) inside \boxed{}.",- \frac{x \cos{\left(6 x \right)}}{6} + \frac{\sin{\left(6 x \right)}}{36}
IBP_n01_sin_b01_02,1,sin,1,"Evaluate the indefinite integral.

\int x \sin(x)\,dx

Show all steps. Give the antiderivative (omit the constant of integration) inside \boxed{}.",- x \cos{\left(x \right)} + \sin{\left(x \right)}
IBP_n01_sin_b02_03,1,sin,2,"Evaluate the indefinite integral.

\int x \sin(2x)\,dx

Show all steps. Give the antiderivative (omit the constant of integration) inside \boxed{}.",- \frac{x \cos{\left(2 x \right)}}{2} + \frac{\sin{\left(2 x \right)}}{4}
IBP_n01_sin_b05_04,1,sin,5,"Evaluate the indefinite integral.

\int x \sin(5x)\,dx

Show all steps. Give the antiderivative (omit the constant of integration) inside \boxed{}.",- \frac{x \cos{\left(5 x \right)}}{5} + \frac{\sin{\left(5 x \right)}}{25}
IBP_n01_sin_b03_05,1,sin,3,"Evaluate the indefinite integral.

\int x \sin(3x)\,dx

Show all steps. Give the antiderivative (omit the constant of integration) inside \boxed{}.",- \frac{x \cos{\left(3 x \right)}}{3} + \frac{\sin{\left(3 x \right)}}{9}
IBP_n01_sin_b04_06,1,sin,4,"Evaluate the indefinite integral.

\int x \sin(4x)\,dx

Show all steps. Give the antiderivative (omit the constant of integration) inside \boxed{}.",- \frac{x \cos{\left(4 x \right)}}{4} + \frac{\sin{\left(4 x \right)}}{16}
IBP_n01_sin_b10_07,1,sin,10,"Evaluate the indefinite integral.

\int x \sin(10x)\,dx

Show all steps. Give the antiderivative (omit the constant of integration) inside \boxed{}.",- \frac{x \cos{\left(10 x \right)}}{10} + \frac{\sin{\left(10 x \right)}}{100}
IBP_n01_sin_b08_08,1,sin,8,"Evaluate the indefinite integral.

\int x \sin(8x)\,dx

Show all steps. Give the antiderivative (omit the constant of integration) inside \boxed{}.",- \frac{x \cos{\left(8 x \right)}}{8} + \frac{\sin{\left(8 x \right)}}{64}
IBP_n01_sin_b07_09,1,sin,7,"Evaluate the indefinite integral.

\int x \sin(7x)\,dx

Show all steps. Give the antiderivative (omit the constant of integration) inside \boxed{}.",- \frac{x \cos{\left(7 x \right)}}{7} + \frac{\sin{\left(7 x \right)}}{49}
IBP_n01_cos_b04_00,1,cos,4,"Evaluate the indefinite integral.

\int x \cos(4x)\,dx

Show all steps. Give the antiderivative (omit the constant of integration) inside \boxed{}.",\frac{x \sin{\left(4 x \right)}}{4} + \frac{\cos{\left(4 x \right)}}{16}
IBP_n01_cos_b06_01,1,cos,6,"Evaluate the indefinite integral.

\int x \cos(6x)\,dx

Show all steps. Give the antiderivative (omit the constant of integration) inside \boxed{}.",\frac{x \sin{\left(6 x \right)}}{6} + \frac{\cos{\left(6 x \right)}}{36}
IBP_n01_cos_b08_02,1,cos,8,"Evaluate the indefinite integral.

\int x \cos(8x)\,dx

Show all steps. Give the antiderivative (omit the constant of integration) inside \boxed{}.",\frac{x \sin{\left(8 x \right)}}{8} + \frac{\cos{\left(8 x \right)}}{64}
IBP_n01_cos_b07_03,1,cos,7,"Evaluate the indefinite integral.

\int x \cos(7x)\,dx

Show all steps. Give the antiderivative (omit the constant of integration) inside \boxed{}.",\frac{x \sin{\left(7 x \right)}}{7} + \frac{\cos{\left(7 x \right)}}{49}
IBP_n01_cos_b02_04,1,cos,2,"Evaluate the indefinite integral.

\int x \cos(2x)\,dx

Show all steps. Give the antiderivative (omit the constant of integration) inside \boxed{}.",\frac{x \sin{\left(2 x \right)}}{2} + \frac{\cos{\left(2 x \right)}}{4}
IBP_n01_cos_b05_05,1,cos,5,"Evaluate the indefinite integral.

\int x \cos(5x)\,dx

Show all steps. Give the antiderivative (omit the constant of integration) inside \boxed{}.",\frac{x \sin{\left(5 x \right)}}{5} + \frac{\cos{\left(5 x \right)}}{25}
IBP_n01_cos_b01_06,1,cos,1,"Evaluate the indefinite integral.

\int x \cos(x)\,dx

Show all steps. Give the antiderivative (omit the constant of integration) inside \boxed{}.",x \sin{\left(x \right)} + \cos{\left(x \right)}
IBP_n01_cos_b03_07,1,cos,3,"Evaluate the indefinite integral.

\int x \cos(3x)\,dx

Show all steps. Give the antiderivative (omit the constant of integration) inside \boxed{}.",\frac{x \sin{\left(3 x \right)}}{3} + \frac{\cos{\left(3 x \right)}}{9}
IBP_n01_cos_b09_08,1,cos,9,"Evaluate the indefinite integral.

\int x \cos(9x)\,dx

Show all steps. Give the antiderivative (omit the constant of integration) inside \boxed{}.",\frac{x \sin{\left(9 x \right)}}{9} + \frac{\cos{\left(9 x \right)}}{81}
IBP_n01_cos_b10_09,1,cos,10,"Evaluate the indefinite integral.

\int x \cos(10x)\,dx

Show all steps. Give the antiderivative (omit the constant of integration) inside \boxed{}.",\frac{x \sin{\left(10 x \right)}}{10} + \frac{\cos{\left(10 x \right)}}{100}
IBP_n02_sin_b02_00,2,sin,2,"Evaluate the indefinite integral.

\int x^{2} \sin(2x)\,dx

Show all steps. Give the antiderivative (omit the constant of integration) inside \boxed{}.",- \frac{x^{2} \cos{\left(2 x \right)}}{2} + \frac{x \sin{\left(2 x \right)}}{2} + \frac{\cos{\left(2 x \right)}}{4}
IBP_n02_sin_b09_01,2,sin,9,"Evaluate the indefinite integral.

\int x^{2} \sin(9x)\,dx

Show all steps. Give the antiderivative (omit the constant of integration) inside \boxed{}.",- \frac{x^{2} \cos{\left(9 x \right)}}{9} + \frac{2 x \sin{\left(9 x \right)}}{81} + \frac{2 \cos{\left(9 x \right)}}{729}
IBP_n02_sin_b06_02,2,sin,6,"Evaluate the indefinite integral.

\int x^{2} \sin(6x)\,dx

Show all steps. Give the antiderivative (omit the constant of integration) inside \boxed{}.",- \frac{x^{2} \cos{\left(6 x \right)}}{6} + \frac{x \sin{\left(6 x \right)}}{18} + \frac{\cos{\left(6 x \right)}}{108}
IBP_n02_sin_b01_03,2,sin,1,"Evaluate the indefinite integral.

\int x^{2} \sin(x)\,dx

Show all steps. Give the antiderivative (omit the constant of integration) inside \boxed{}.",- x^{2} \cos{\left(x \right)} + 2 x \sin{\left(x \right)} + 2 \cos{\left(x \right)}
IBP_n02_sin_b05_04,2,sin,5,"Evaluate the indefinite integral.

\int x^{2} \sin(5x)\,dx

Show all steps. Give the antiderivative (omit the constant of integration) inside \boxed{}.",- \frac{x^{2} \cos{\left(5 x \right)}}{5} + \frac{2 x \sin{\left(5 x \right)}}{25} + \frac{2 \cos{\left(5 x \right)}}{125}
IBP_n02_sin_b03_05,2,sin,3,"Evaluate the indefinite integral.

\int x^{2} \sin(3x)\,dx

Show all steps. Give the antiderivative (omit the constant of integration) inside \boxed{}.",- \frac{x^{2} \cos{\left(3 x \right)}}{3} + \frac{2 x \sin{\left(3 x \right)}}{9} + \frac{2 \cos{\left(3 x \right)}}{27}
IBP_n02_sin_b04_06,2,sin,4,"Evaluate the indefinite integral.

\int x^{2} \sin(4x)\,dx

Show all steps. Give the antiderivative (omit the constant of integration) inside \boxed{}.",- \frac{x^{2} \cos{\left(4 x \right)}}{4} + \frac{x \sin{\left(4 x \right)}}{8} + \frac{\cos{\left(4 x \right)}}{32}
IBP_n02_sin_b08_07,2,sin,8,"Evaluate the indefinite integral.

\int x^{2} \sin(8x)\,dx

Show all steps. Give the antiderivative (omit the constant of integration) inside \boxed{}.",- \frac{x^{2} \cos{\left(8 x \right)}}{8} + \frac{x \sin{\left(8 x \right)}}{32} + \frac{\cos{\left(8 x \right)}}{256}
IBP_n02_sin_b07_08,2,sin,7,"Evaluate the indefinite integral.

\int x^{2} \sin(7x)\,dx

Show all steps. Give the antiderivative (omit the constant of integration) inside \boxed{}.",- \frac{x^{2} \cos{\left(7 x \right)}}{7} + \frac{2 x \sin{\left(7 x \right)}}{49} + \frac{2 \cos{\left(7 x \right)}}{343}
IBP_n02_sin_b10_09,2,sin,10,"Evaluate the indefinite integral.

\int x^{2} \sin(10x)\,dx

Show all steps. Give the antiderivative (omit the constant of integration) inside \boxed{}.",- \frac{x^{2} \cos{\left(10 x \right)}}{10} + \frac{x \sin{\left(10 x \right)}}{50} + \frac{\cos{\left(10 x \right)}}{500}
IBP_n02_cos_b02_00,2,cos,2,"Evaluate the indefinite integral.

\int x^{2} \cos(2x)\,dx

Show all steps. Give the antiderivative (omit the constant of integration) inside \boxed{}.",\frac{x^{2} \sin{\left(2 x \right)}}{2} + \frac{x \cos{\left(2 x \right)}}{2} - \frac{\sin{\left(2 x \right)}}{4}
IBP_n02_cos_b05_01,2,cos,5,"Evaluate the indefinite integral.

\int x^{2} \cos(5x)\,dx

Show all steps. Give the antiderivative (omit the constant of integration) inside \boxed{}.",\frac{x^{2} \sin{\left(5 x \right)}}{5} + \frac{2 x \cos{\left(5 x \right)}}{25} - \frac{2 \sin{\left(5 x \right)}}{125}
IBP_n02_cos_b07_02,2,cos,7,"Evaluate the indefinite integral.

\int x^{2} \cos(7x)\,dx

Show all steps. Give the antiderivative (omit the constant of integration) inside \boxed{}.",\frac{x^{2} \sin{\left(7 x \right)}}{7} + \frac{2 x \cos{\left(7 x \right)}}{49} - \frac{2 \sin{\left(7 x \right)}}{343}
IBP_n02_cos_b09_03,2,cos,9,"Evaluate the indefinite integral.

\int x^{2} \cos(9x)\,dx

Show all steps. Give the antiderivative (omit the constant of integration) inside \boxed{}.",\frac{x^{2} \sin{\left(9 x \right)}}{9} + \frac{2 x \cos{\left(9 x \right)}}{81} - \frac{2 \sin{\left(9 x \right)}}{729}
IBP_n02_cos_b06_04,2,cos,6,"Evaluate the indefinite integral.

\int x^{2} \cos(6x)\,dx

Show all steps. Give the antiderivative (omit the constant of integration) inside \boxed{}.",\frac{x^{2} \sin{\left(6 x \right)}}{6} + \frac{x \cos{\left(6 x \right)}}{18} - \frac{\sin{\left(6 x \right)}}{108}
IBP_n02_cos_b08_05,2,cos,8,"Evaluate the indefinite integral.

\int x^{2} \cos(8x)\,dx

Show all steps. Give the antiderivative (omit the constant of integration) inside \boxed{}.",\frac{x^{2} \sin{\left(8 x \right)}}{8} + \frac{x \cos{\left(8 x \right)}}{32} - \frac{\sin{\left(8 x \right)}}{256}
IBP_n02_cos_b01_06,2,cos,1,"Evaluate the indefinite integral.

\int x^{2} \cos(x)\,dx

Show all steps. Give the antiderivative (omit the constant of integration) inside \boxed{}.",x^{2} \sin{\left(x \right)} + 2 x \cos{\left(x \right)} - 2 \sin{\left(x \right)}
IBP_n02_cos_b10_07,2,cos,10,"Evaluate the indefinite integral.

\int x^{2} \cos(10x)\,dx

Show all steps. Give the antiderivative (omit the constant of integration) inside \boxed{}.",\frac{x^{2} \sin{\left(10 x \right)}}{10} + \frac{x \cos{\left(10 x \right)}}{50} - \frac{\sin{\left(10 x \right)}}{500}
IBP_n02_cos_b03_08,2,cos,3,"Evaluate the indefinite integral.

\int x^{2} \cos(3x)\,dx

Show all steps. Give the antiderivative (omit the constant of integration) inside \boxed{}.",\frac{x^{2} \sin{\left(3 x \right)}}{3} + \frac{2 x \cos{\left(3 x \right)}}{9} - \frac{2 \sin{\left(3 x \right)}}{27}
IBP_n02_cos_b04_09,2,cos,4,"Evaluate the indefinite integral.

\int x^{2} \cos(4x)\,dx

Show all steps. Give the antiderivative (omit the constant of integration) inside \boxed{}.",\frac{x^{2} \sin{\left(4 x \right)}}{4} + \frac{x \cos{\left(4 x \right)}}{8} - \frac{\sin{\left(4 x \right)}}{32}
IBP_n03_sin_b09_00,3,sin,9,"Evaluate the indefinite integral.

\int x^{3} \sin(9x)\,dx

Show all steps. Give the antiderivative (omit the constant of integration) inside \boxed{}.",- \frac{x^{3} \cos{\left(9 x \right)}}{9} + \frac{x^{2} \sin{\left(9 x \right)}}{27} + \frac{2 x \cos{\left(9 x \right)}}{243} - \frac{2 \sin{\left(9 x \right)}}{2187}
IBP_n03_sin_b01_01,3,sin,1,"Evaluate the indefinite integral.

\int x^{3} \sin(x)\,dx

Show all steps. Give the antiderivative (omit the constant of integration) inside \boxed{}.",- x^{3} \cos{\left(x \right)} + 3 x^{2} \sin{\left(x \right)} + 6 x \cos{\left(x \right)} - 6 \sin{\left(x \right)}
IBP_n03_sin_b06_02,3,sin,6,"Evaluate the indefinite integral.

\int x^{3} \sin(6x)\,dx

Show all steps. Give the antiderivative (omit the constant of integration) inside \boxed{}.",- \frac{x^{3} \cos{\left(6 x \right)}}{6} + \frac{x^{2} \sin{\left(6 x \right)}}{12} + \frac{x \cos{\left(6 x \right)}}{36} - \frac{\sin{\left(6 x \right)}}{216}
IBP_n03_sin_b05_03,3,sin,5,"Evaluate the indefinite integral.

\int x^{3} \sin(5x)\,dx

Show all steps. Give the antiderivative (omit the constant of integration) inside \boxed{}.",- \frac{x^{3} \cos{\left(5 x \right)}}{5} + \frac{3 x^{2} \sin{\left(5 x \right)}}{25} + \frac{6 x \cos{\left(5 x \right)}}{125} - \frac{6 \sin{\left(5 x \right)}}{625}
IBP_n03_sin_b03_04,3,sin,3,"Evaluate the indefinite integral.

\int x^{3} \sin(3x)\,dx

Show all steps. Give the antiderivative (omit the constant of integration) inside \boxed{}.",- \frac{x^{3} \cos{\left(3 x \right)}}{3} + \frac{x^{2} \sin{\left(3 x \right)}}{3} + \frac{2 x \cos{\left(3 x \right)}}{9} - \frac{2 \sin{\left(3 x \right)}}{27}
IBP_n03_sin_b04_05,3,sin,4,"Evaluate the indefinite integral.

\int x^{3} \sin(4x)\,dx

Show all steps. Give the antiderivative (omit the constant of integration) inside \boxed{}.",- \frac{x^{3} \cos{\left(4 x \right)}}{4} + \frac{3 x^{2} \sin{\left(4 x \right)}}{16} + \frac{3 x \cos{\left(4 x \right)}}{32} - \frac{3 \sin{\left(4 x \right)}}{128}
IBP_n03_sin_b10_06,3,sin,10,"Evaluate the indefinite integral.

\int x^{3} \sin(10x)\,dx

Show all steps. Give the antiderivative (omit the constant of integration) inside \boxed{}.",- \frac{x^{3} \cos{\left(10 x \right)}}{10} + \frac{3 x^{2} \sin{\left(10 x \right)}}{100} + \frac{3 x \cos{\left(10 x \right)}}{500} - \frac{3 \sin{\left(10 x \right)}}{5000}
IBP_n03_sin_b08_07,3,sin,8,"Evaluate the indefinite integral.

\int x^{3} \sin(8x)\,dx

Show all steps. Give the antiderivative (omit the constant of integration) inside \boxed{}.",- \frac{x^{3} \cos{\left(8 x \right)}}{8} + \frac{3 x^{2} \sin{\left(8 x \right)}}{64} + \frac{3 x \cos{\left(8 x \right)}}{256} - \frac{3 \sin{\left(8 x \right)}}{2048}
IBP_n03_sin_b02_08,3,sin,2,"Evaluate the indefinite integral.

\int x^{3} \sin(2x)\,dx

Show all steps. Give the antiderivative (omit the constant of integration) inside \boxed{}.",- \frac{x^{3} \cos{\left(2 x \right)}}{2} + \frac{3 x^{2} \sin{\left(2 x \right)}}{4} + \frac{3 x \cos{\left(2 x \right)}}{4} - \frac{3 \sin{\left(2 x \right)}}{8}
IBP_n03_sin_b07_09,3,sin,7,"Evaluate the indefinite integral.

\int x^{3} \sin(7x)\,dx

Show all steps. Give the antiderivative (omit the constant of integration) inside \boxed{}.",- \frac{x^{3} \cos{\left(7 x \right)}}{7} + \frac{3 x^{2} \sin{\left(7 x \right)}}{49} + \frac{6 x \cos{\left(7 x \right)}}{343} - \frac{6 \sin{\left(7 x \right)}}{2401}
IBP_n03_cos_b02_00,3,cos,2,"Evaluate the indefinite integral.

\int x^{3} \cos(2x)\,dx

Show all steps. Give the antiderivative (omit the constant of integration) inside \boxed{}.",\frac{x^{3} \sin{\left(2 x \right)}}{2} + \frac{3 x^{2} \cos{\left(2 x \right)}}{4} - \frac{3 x \sin{\left(2 x \right)}}{4} - \frac{3 \cos{\left(2 x \right)}}{8}
IBP_n03_cos_b10_01,3,cos,10,"Evaluate the indefinite integral.

\int x^{3} \cos(10x)\,dx

Show all steps. Give the antiderivative (omit the constant of integration) inside \boxed{}.",\frac{x^{3} \sin{\left(10 x \right)}}{10} + \frac{3 x^{2} \cos{\left(10 x \right)}}{100} - \frac{3 x \sin{\left(10 x \right)}}{500} - \frac{3 \cos{\left(10 x \right)}}{5000}
IBP_n03_cos_b01_02,3,cos,1,"Evaluate the indefinite integral.

\int x^{3} \cos(x)\,dx

Show all steps. Give the antiderivative (omit the constant of integration) inside \boxed{}.",x^{3} \sin{\left(x \right)} + 3 x^{2} \cos{\left(x \right)} - 6 x \sin{\left(x \right)} - 6 \cos{\left(x \right)}
IBP_n03_cos_b07_03,3,cos,7,"Evaluate the indefinite integral.

\int x^{3} \cos(7x)\,dx

Show all steps. Give the antiderivative (omit the constant of integration) inside \boxed{}.",\frac{x^{3} \sin{\left(7 x \right)}}{7} + \frac{3 x^{2} \cos{\left(7 x \right)}}{49} - \frac{6 x \sin{\left(7 x \right)}}{343} - \frac{6 \cos{\left(7 x \right)}}{2401}
IBP_n03_cos_b04_04,3,cos,4,"Evaluate the indefinite integral.

\int x^{3} \cos(4x)\,dx

Show all steps. Give the antiderivative (omit the constant of integration) inside \boxed{}.",\frac{x^{3} \sin{\left(4 x \right)}}{4} + \frac{3 x^{2} \cos{\left(4 x \right)}}{16} - \frac{3 x \sin{\left(4 x \right)}}{32} - \frac{3 \cos{\left(4 x \right)}}{128}
IBP_n03_cos_b05_05,3,cos,5,"Evaluate the indefinite integral.

\int x^{3} \cos(5x)\,dx

Show all steps. Give the antiderivative (omit the constant of integration) inside \boxed{}.",\frac{x^{3} \sin{\left(5 x \right)}}{5} + \frac{3 x^{2} \cos{\left(5 x \right)}}{25} - \frac{6 x \sin{\left(5 x \right)}}{125} - \frac{6 \cos{\left(5 x \right)}}{625}
IBP_n03_cos_b06_06,3,cos,6,"Evaluate the indefinite integral.

\int x^{3} \cos(6x)\,dx

Show all steps. Give the antiderivative (omit the constant of integration) inside \boxed{}.",\frac{x^{3} \sin{\left(6 x \right)}}{6} + \frac{x^{2} \cos{\left(6 x \right)}}{12} - \frac{x \sin{\left(6 x \right)}}{36} - \frac{\cos{\left(6 x \right)}}{216}
IBP_n03_cos_b09_07,3,cos,9,"Evaluate the indefinite integral.

\int x^{3} \cos(9x)\,dx

Show all steps. Give the antiderivative (omit the constant of integration) inside \boxed{}.",\frac{x^{3} \sin{\left(9 x \right)}}{9} + \frac{x^{2} \cos{\left(9 x \right)}}{27} - \frac{2 x \sin{\left(9 x \right)}}{243} - \frac{2 \cos{\left(9 x \right)}}{2187}
IBP_n03_cos_b03_08,3,cos,3,"Evaluate the indefinite integral.

\int x^{3} \cos(3x)\,dx

Show all steps. Give the antiderivative (omit the constant of integration) inside \boxed{}.",\frac{x^{3} \sin{\left(3 x \right)}}{3} + \frac{x^{2} \cos{\left(3 x \right)}}{3} - \frac{2 x \sin{\left(3 x \right)}}{9} - \frac{2 \cos{\left(3 x \right)}}{27}
IBP_n03_cos_b08_09,3,cos,8,"Evaluate the indefinite integral.

\int x^{3} \cos(8x)\,dx

Show all steps. Give the antiderivative (omit the constant of integration) inside \boxed{}.",\frac{x^{3} \sin{\left(8 x \right)}}{8} + \frac{3 x^{2} \cos{\left(8 x \right)}}{64} - \frac{3 x \sin{\left(8 x \right)}}{256} - \frac{3 \cos{\left(8 x \right)}}{2048}
IBP_n04_sin_b09_00,4,sin,9,"Evaluate the indefinite integral.

\int x^{4} \sin(9x)\,dx

Show all steps. Give the antiderivative (omit the constant of integration) inside \boxed{}.",- \frac{x^{4} \cos{\left(9 x \right)}}{9} + \frac{4 x^{3} \sin{\left(9 x \right)}}{81} + \frac{4 x^{2} \cos{\left(9 x \right)}}{243} - \frac{8 x \sin{\left(9 x \right)}}{2187} - \frac{8 \cos{\left(9 x \right)}}{19683}
IBP_n04_sin_b06_01,4,sin,6,"Evaluate the indefinite integral.

\int x^{4} \sin(6x)\,dx

Show all steps. Give the antiderivative (omit the constant of integration) inside \boxed{}.",- \frac{x^{4} \cos{\left(6 x \right)}}{6} + \frac{x^{3} \sin{\left(6 x \right)}}{9} + \frac{x^{2} \cos{\left(6 x \right)}}{18} - \frac{x \sin{\left(6 x \right)}}{54} - \frac{\cos{\left(6 x \right)}}{324}
IBP_n04_sin_b02_02,4,sin,2,"Evaluate the indefinite integral.

\int x^{4} \sin(2x)\,dx

Show all steps. Give the antiderivative (omit the constant of integration) inside \boxed{}.",- \frac{x^{4} \cos{\left(2 x \right)}}{2} + x^{3} \sin{\left(2 x \right)} + \frac{3 x^{2} \cos{\left(2 x \right)}}{2} - \frac{3 x \sin{\left(2 x \right)}}{2} - \frac{3 \cos{\left(2 x \right)}}{4}
IBP_n04_sin_b04_03,4,sin,4,"Evaluate the indefinite integral.

\int x^{4} \sin(4x)\,dx

Show all steps. Give the antiderivative (omit the constant of integration) inside \boxed{}.",- \frac{x^{4} \cos{\left(4 x \right)}}{4} + \frac{x^{3} \sin{\left(4 x \right)}}{4} + \frac{3 x^{2} \cos{\left(4 x \right)}}{16} - \frac{3 x \sin{\left(4 x \right)}}{32} - \frac{3 \cos{\left(4 x \right)}}{128}
IBP_n04_sin_b03_04,4,sin,3,"Evaluate the indefinite integral.

\int x^{4} \sin(3x)\,dx

Show all steps. Give the antiderivative (omit the constant of integration) inside \boxed{}.",- \frac{x^{4} \cos{\left(3 x \right)}}{3} + \frac{4 x^{3} \sin{\left(3 x \right)}}{9} + \frac{4 x^{2} \cos{\left(3 x \right)}}{9} - \frac{8 x \sin{\left(3 x \right)}}{27} - \frac{8 \cos{\left(3 x \right)}}{81}
IBP_n04_sin_b08_05,4,sin,8,"Evaluate the indefinite integral.

\int x^{4} \sin(8x)\,dx

Show all steps. Give the antiderivative (omit the constant of integration) inside \boxed{}.",- \frac{x^{4} \cos{\left(8 x \right)}}{8} + \frac{x^{3} \sin{\left(8 x \right)}}{16} + \frac{3 x^{2} \cos{\left(8 x \right)}}{128} - \frac{3 x \sin{\left(8 x \right)}}{512} - \frac{3 \cos{\left(8 x \right)}}{4096}
IBP_n04_sin_b01_06,4,sin,1,"Evaluate the indefinite integral.

\int x^{4} \sin(x)\,dx

Show all steps. Give the antiderivative (omit the constant of integration) inside \boxed{}.",- x^{4} \cos{\left(x \right)} + 4 x^{3} \sin{\left(x \right)} + 12 x^{2} \cos{\left(x \right)} - 24 x \sin{\left(x \right)} - 24 \cos{\left(x \right)}
IBP_n04_sin_b05_07,4,sin,5,"Evaluate the indefinite integral.

\int x^{4} \sin(5x)\,dx

Show all steps. Give the antiderivative (omit the constant of integration) inside \boxed{}.",- \frac{x^{4} \cos{\left(5 x \right)}}{5} + \frac{4 x^{3} \sin{\left(5 x \right)}}{25} + \frac{12 x^{2} \cos{\left(5 x \right)}}{125} - \frac{24 x \sin{\left(5 x \right)}}{625} - \frac{24 \cos{\left(5 x \right)}}{3125}
IBP_n04_sin_b07_08,4,sin,7,"Evaluate the indefinite integral.

\int x^{4} \sin(7x)\,dx

Show all steps. Give the antiderivative (omit the constant of integration) inside \boxed{}.",- \frac{x^{4} \cos{\left(7 x \right)}}{7} + \frac{4 x^{3} \sin{\left(7 x \right)}}{49} + \frac{12 x^{2} \cos{\left(7 x \right)}}{343} - \frac{24 x \sin{\left(7 x \right)}}{2401} - \frac{24 \cos{\left(7 x \right)}}{16807}
IBP_n04_sin_b10_09,4,sin,10,"Evaluate the indefinite integral.

\int x^{4} \sin(10x)\,dx

Show all steps. Give the antiderivative (omit the constant of integration) inside \boxed{}.",- \frac{x^{4} \cos{\left(10 x \right)}}{10} + \frac{x^{3} \sin{\left(10 x \right)}}{25} + \frac{3 x^{2} \cos{\left(10 x \right)}}{250} - \frac{3 x \sin{\left(10 x \right)}}{1250} - \frac{3 \cos{\left(10 x \right)}}{12500}
IBP_n04_cos_b04_00,4,cos,4,"Evaluate the indefinite integral.

\int x^{4} \cos(4x)\,dx

Show all steps. Give the antiderivative (omit the constant of integration) inside \boxed{}.",\frac{x^{4} \sin{\left(4 x \right)}}{4} + \frac{x^{3} \cos{\left(4 x \right)}}{4} - \frac{3 x^{2} \sin{\left(4 x \right)}}{16} - \frac{3 x \cos{\left(4 x \right)}}{32} + \frac{3 \sin{\left(4 x \right)}}{128}
IBP_n04_cos_b01_01,4,cos,1,"Evaluate the indefinite integral.

\int x^{4} \cos(x)\,dx

Show all steps. Give the antiderivative (omit the constant of integration) inside \boxed{}.",x^{4} \sin{\left(x \right)} + 4 x^{3} \cos{\left(x \right)} - 12 x^{2} \sin{\left(x \right)} - 24 x \cos{\left(x \right)} + 24 \sin{\left(x \right)}
IBP_n04_cos_b10_02,4,cos,10,"Evaluate the indefinite integral.

\int x^{4} \cos(10x)\,dx

Show all steps. Give the antiderivative (omit the constant of integration) inside \boxed{}.",\frac{x^{4} \sin{\left(10 x \right)}}{10} + \frac{x^{3} \cos{\left(10 x \right)}}{25} - \frac{3 x^{2} \sin{\left(10 x \right)}}{250} - \frac{3 x \cos{\left(10 x \right)}}{1250} + \frac{3 \sin{\left(10 x \right)}}{12500}
IBP_n04_cos_b07_03,4,cos,7,"Evaluate the indefinite integral.

\int x^{4} \cos(7x)\,dx

Show all steps. Give the antiderivative (omit the constant of integration) inside \boxed{}.",\frac{x^{4} \sin{\left(7 x \right)}}{7} + \frac{4 x^{3} \cos{\left(7 x \right)}}{49} - \frac{12 x^{2} \sin{\left(7 x \right)}}{343} - \frac{24 x \cos{\left(7 x \right)}}{2401} + \frac{24 \sin{\left(7 x \right)}}{16807}
IBP_n04_cos_b06_04,4,cos,6,"Evaluate the indefinite integral.

\int x^{4} \cos(6x)\,dx

Show all steps. Give the antiderivative (omit the constant of integration) inside \boxed{}.",\frac{x^{4} \sin{\left(6 x \right)}}{6} + \frac{x^{3} \cos{\left(6 x \right)}}{9} - \frac{x^{2} \sin{\left(6 x \right)}}{18} - \frac{x \cos{\left(6 x \right)}}{54} + \frac{\sin{\left(6 x \right)}}{324}
IBP_n04_cos_b09_05,4,cos,9,"Evaluate the indefinite integral.

\int x^{4} \cos(9x)\,dx

Show all steps. Give the antiderivative (omit the constant of integration) inside \boxed{}.",\frac{x^{4} \sin{\left(9 x \right)}}{9} + \frac{4 x^{3} \cos{\left(9 x \right)}}{81} - \frac{4 x^{2} \sin{\left(9 x \right)}}{243} - \frac{8 x \cos{\left(9 x \right)}}{2187} + \frac{8 \sin{\left(9 x \right)}}{19683}
IBP_n04_cos_b03_06,4,cos,3,"Evaluate the indefinite integral.

\int x^{4} \cos(3x)\,dx

Show all steps. Give the antiderivative (omit the constant of integration) inside \boxed{}.",\frac{x^{4} \sin{\left(3 x \right)}}{3} + \frac{4 x^{3} \cos{\left(3 x \right)}}{9} - \frac{4 x^{2} \sin{\left(3 x \right)}}{9} - \frac{8 x \cos{\left(3 x \right)}}{27} + \frac{8 \sin{\left(3 x \right)}}{81}
IBP_n04_cos_b02_07,4,cos,2,"Evaluate the indefinite integral.

\int x^{4} \cos(2x)\,dx

Show all steps. Give the antiderivative (omit the constant of integration) inside \boxed{}.",\frac{x^{4} \sin{\left(2 x \right)}}{2} + x^{3} \cos{\left(2 x \right)} - \frac{3 x^{2} \sin{\left(2 x \right)}}{2} - \frac{3 x \cos{\left(2 x \right)}}{2} + \frac{3 \sin{\left(2 x \right)}}{4}
IBP_n04_cos_b05_08,4,cos,5,"Evaluate the indefinite integral.

\int x^{4} \cos(5x)\,dx

Show all steps. Give the antiderivative (omit the constant of integration) inside \boxed{}.",\frac{x^{4} \sin{\left(5 x \right)}}{5} + \frac{4 x^{3} \cos{\left(5 x \right)}}{25} - \frac{12 x^{2} \sin{\left(5 x \right)}}{125} - \frac{24 x \cos{\left(5 x \right)}}{625} + \frac{24 \sin{\left(5 x \right)}}{3125}
IBP_n04_cos_b08_09,4,cos,8,"Evaluate the indefinite integral.

\int x^{4} \cos(8x)\,dx

Show all steps. Give the antiderivative (omit the constant of integration) inside \boxed{}.",\frac{x^{4} \sin{\left(8 x \right)}}{8} + \frac{x^{3} \cos{\left(8 x \right)}}{16} - \frac{3 x^{2} \sin{\left(8 x \right)}}{128} - \frac{3 x \cos{\left(8 x \right)}}{512} + \frac{3 \sin{\left(8 x \right)}}{4096}
IBP_n05_sin_b01_00,5,sin,1,"Evaluate the indefinite integral.

\int x^{5} \sin(x)\,dx

Show all steps. Give the antiderivative (omit the constant of integration) inside \boxed{}.",- x^{5} \cos{\left(x \right)} + 5 x^{4} \sin{\left(x \right)} + 20 x^{3} \cos{\left(x \right)} - 60 x^{2} \sin{\left(x \right)} - 120 x \cos{\left(x \right)} + 120 \sin{\left(x \right)}
IBP_n05_sin_b04_01,5,sin,4,"Evaluate the indefinite integral.

\int x^{5} \sin(4x)\,dx

Show all steps. Give the antiderivative (omit the constant of integration) inside \boxed{}.",- \frac{x^{5} \cos{\left(4 x \right)}}{4} + \frac{5 x^{4} \sin{\left(4 x \right)}}{16} + \frac{5 x^{3} \cos{\left(4 x \right)}}{16} - \frac{15 x^{2} \sin{\left(4 x \right)}}{64} - \frac{15 x \cos{\left(4 x \right)}}{128} + \frac{15 \sin{\left(4 x \right)}}{512}
IBP_n05_sin_b10_02,5,sin,10,"Evaluate the indefinite integral.

\int x^{5} \sin(10x)\,dx

Show all steps. Give the antiderivative (omit the constant of integration) inside \boxed{}.",- \frac{x^{5} \cos{\left(10 x \right)}}{10} + \frac{x^{4} \sin{\left(10 x \right)}}{20} + \frac{x^{3} \cos{\left(10 x \right)}}{50} - \frac{3 x^{2} \sin{\left(10 x \right)}}{500} - \frac{3 x \cos{\left(10 x \right)}}{2500} + \frac{3 \sin{\left(10 x \right)}}{25000}
IBP_n05_sin_b05_03,5,sin,5,"Evaluate the indefinite integral.

\int x^{5} \sin(5x)\,dx

Show all steps. Give the antiderivative (omit the constant of integration) inside \boxed{}.",- \frac{x^{5} \cos{\left(5 x \right)}}{5} + \frac{x^{4} \sin{\left(5 x \right)}}{5} + \frac{4 x^{3} \cos{\left(5 x \right)}}{25} - \frac{12 x^{2} \sin{\left(5 x \right)}}{125} - \frac{24 x \cos{\left(5 x \right)}}{625} + \frac{24 \sin{\left(5 x \right)}}{3125}
IBP_n05_sin_b08_04,5,sin,8,"Evaluate the indefinite integral.

\int x^{5} \sin(8x)\,dx

Show all steps. Give the antiderivative (omit the constant of integration) inside \boxed{}.",- \frac{x^{5} \cos{\left(8 x \right)}}{8} + \frac{5 x^{4} \sin{\left(8 x \right)}}{64} + \frac{5 x^{3} \cos{\left(8 x \right)}}{128} - \frac{15 x^{2} \sin{\left(8 x \right)}}{1024} - \frac{15 x \cos{\left(8 x \right)}}{4096} + \frac{15 \sin{\left(8 x \right)}}{32768}
IBP_n05_sin_b03_05,5,sin,3,"Evaluate the indefinite integral.

\int x^{5} \sin(3x)\,dx

Show all steps. Give the antiderivative (omit the constant of integration) inside \boxed{}.",- \frac{x^{5} \cos{\left(3 x \right)}}{3} + \frac{5 x^{4} \sin{\left(3 x \right)}}{9} + \frac{20 x^{3} \cos{\left(3 x \right)}}{27} - \frac{20 x^{2} \sin{\left(3 x \right)}}{27} - \frac{40 x \cos{\left(3 x \right)}}{81} + \frac{40 \sin{\left(3 x \right)}}{243}
IBP_n05_sin_b02_06,5,sin,2,"Evaluate the indefinite integral.

\int x^{5} \sin(2x)\,dx

Show all steps. Give the antiderivative (omit the constant of integration) inside \boxed{}.",- \frac{x^{5} \cos{\left(2 x \right)}}{2} + \frac{5 x^{4} \sin{\left(2 x \right)}}{4} + \frac{5 x^{3} \cos{\left(2 x \right)}}{2} - \frac{15 x^{2} \sin{\left(2 x \right)}}{4} - \frac{15 x \cos{\left(2 x \right)}}{4} + \frac{15 \sin{\left(2 x \right)}}{8}
IBP_n05_sin_b09_07,5,sin,9,"Evaluate the indefinite integral.

\int x^{5} \sin(9x)\,dx

Show all steps. Give the antiderivative (omit the constant of integration) inside \boxed{}.",- \frac{x^{5} \cos{\left(9 x \right)}}{9} + \frac{5 x^{4} \sin{\left(9 x \right)}}{81} + \frac{20 x^{3} \cos{\left(9 x \right)}}{729} - \frac{20 x^{2} \sin{\left(9 x \right)}}{2187} - \frac{40 x \cos{\left(9 x \right)}}{19683} + \frac{40 \sin{\left(9 x \right)}}{177147}
IBP_n05_sin_b06_08,5,sin,6,"Evaluate the indefinite integral.

\int x^{5} \sin(6x)\,dx

Show all steps. Give the antiderivative (omit the constant of integration) inside \boxed{}.",- \frac{x^{5} \cos{\left(6 x \right)}}{6} + \frac{5 x^{4} \sin{\left(6 x \right)}}{36} + \frac{5 x^{3} \cos{\left(6 x \right)}}{54} - \frac{5 x^{2} \sin{\left(6 x \right)}}{108} - \frac{5 x \cos{\left(6 x \right)}}{324} + \frac{5 \sin{\left(6 x \right)}}{1944}
IBP_n05_sin_b07_09,5,sin,7,"Evaluate the indefinite integral.

\int x^{5} \sin(7x)\,dx

Show all steps. Give the antiderivative (omit the constant of integration) inside \boxed{}.",- \frac{x^{5} \cos{\left(7 x \right)}}{7} + \frac{5 x^{4} \sin{\left(7 x \right)}}{49} + \frac{20 x^{3} \cos{\left(7 x \right)}}{343} - \frac{60 x^{2} \sin{\left(7 x \right)}}{2401} - \frac{120 x \cos{\left(7 x \right)}}{16807} + \frac{120 \sin{\left(7 x \right)}}{117649}
IBP_n05_cos_b04_00,5,cos,4,"Evaluate the indefinite integral.

\int x^{5} \cos(4x)\,dx

Show all steps. Give the antiderivative (omit the constant of integration) inside \boxed{}.",\frac{x^{5} \sin{\left(4 x \right)}}{4} + \frac{5 x^{4} \cos{\left(4 x \right)}}{16} - \frac{5 x^{3} \sin{\left(4 x \right)}}{16} - \frac{15 x^{2} \cos{\left(4 x \right)}}{64} + \frac{15 x \sin{\left(4 x \right)}}{128} + \frac{15 \cos{\left(4 x \right)}}{512}
IBP_n05_cos_b06_01,5,cos,6,"Evaluate the indefinite integral.

\int x^{5} \cos(6x)\,dx

Show all steps. Give the antiderivative (omit the constant of integration) inside \boxed{}.",\frac{x^{5} \sin{\left(6 x \right)}}{6} + \frac{5 x^{4} \cos{\left(6 x \right)}}{36} - \frac{5 x^{3} \sin{\left(6 x \right)}}{54} - \frac{5 x^{2} \cos{\left(6 x \right)}}{108} + \frac{5 x \sin{\left(6 x \right)}}{324} + \frac{5 \cos{\left(6 x \right)}}{1944}
IBP_n05_cos_b01_02,5,cos,1,"Evaluate the indefinite integral.

\int x^{5} \cos(x)\,dx

Show all steps. Give the antiderivative (omit the constant of integration) inside \boxed{}.",x^{5} \sin{\left(x \right)} + 5 x^{4} \cos{\left(x \right)} - 20 x^{3} \sin{\left(x \right)} - 60 x^{2} \cos{\left(x \right)} + 120 x \sin{\left(x \right)} + 120 \cos{\left(x \right)}
IBP_n05_cos_b05_03,5,cos,5,"Evaluate the indefinite integral.

\int x^{5} \cos(5x)\,dx

Show all steps. Give the antiderivative (omit the constant of integration) inside \boxed{}.",\frac{x^{5} \sin{\left(5 x \right)}}{5} + \frac{x^{4} \cos{\left(5 x \right)}}{5} - \frac{4 x^{3} \sin{\left(5 x \right)}}{25} - \frac{12 x^{2} \cos{\left(5 x \right)}}{125} + \frac{24 x \sin{\left(5 x \right)}}{625} + \frac{24 \cos{\left(5 x \right)}}{3125}
IBP_n05_cos_b02_04,5,cos,2,"Evaluate the indefinite integral.

\int x^{5} \cos(2x)\,dx

Show all steps. Give the antiderivative (omit the constant of integration) inside \boxed{}.",\frac{x^{5} \sin{\left(2 x \right)}}{2} + \frac{5 x^{4} \cos{\left(2 x \right)}}{4} - \frac{5 x^{3} \sin{\left(2 x \right)}}{2} - \frac{15 x^{2} \cos{\left(2 x \right)}}{4} + \frac{15 x \sin{\left(2 x \right)}}{4} + \frac{15 \cos{\left(2 x \right)}}{8}
IBP_n05_cos_b07_05,5,cos,7,"Evaluate the indefinite integral.

\int x^{5} \cos(7x)\,dx

Show all steps. Give the antiderivative (omit the constant of integration) inside \boxed{}.",\frac{x^{5} \sin{\left(7 x \right)}}{7} + \frac{5 x^{4} \cos{\left(7 x \right)}}{49} - \frac{20 x^{3} \sin{\left(7 x \right)}}{343} - \frac{60 x^{2} \cos{\left(7 x \right)}}{2401} + \frac{120 x \sin{\left(7 x \right)}}{16807} + \frac{120 \cos{\left(7 x \right)}}{117649}
IBP_n05_cos_b09_06,5,cos,9,"Evaluate the indefinite integral.

\int x^{5} \cos(9x)\,dx

Show all steps. Give the antiderivative (omit the constant of integration) inside \boxed{}.",\frac{x^{5} \sin{\left(9 x \right)}}{9} + \frac{5 x^{4} \cos{\left(9 x \right)}}{81} - \frac{20 x^{3} \sin{\left(9 x \right)}}{729} - \frac{20 x^{2} \cos{\left(9 x \right)}}{2187} + \frac{40 x \sin{\left(9 x \right)}}{19683} + \frac{40 \cos{\left(9 x \right)}}{177147}
IBP_n05_cos_b10_07,5,cos,10,"Evaluate the indefinite integral.

\int x^{5} \cos(10x)\,dx

Show all steps. Give the antiderivative (omit the constant of integration) inside \boxed{}.",\frac{x^{5} \sin{\left(10 x \right)}}{10} + \frac{x^{4} \cos{\left(10 x \right)}}{20} - \frac{x^{3} \sin{\left(10 x \right)}}{50} - \frac{3 x^{2} \cos{\left(10 x \right)}}{500} + \frac{3 x \sin{\left(10 x \right)}}{2500} + \frac{3 \cos{\left(10 x \right)}}{25000}
IBP_n05_cos_b03_08,5,cos,3,"Evaluate the indefinite integral.

\int x^{5} \cos(3x)\,dx

Show all steps. Give the antiderivative (omit the constant of integration) inside \boxed{}.",\frac{x^{5} \sin{\left(3 x \right)}}{3} + \frac{5 x^{4} \cos{\left(3 x \right)}}{9} - \frac{20 x^{3} \sin{\left(3 x \right)}}{27} - \frac{20 x^{2} \cos{\left(3 x \right)}}{27} + \frac{40 x \sin{\left(3 x \right)}}{81} + \frac{40 \cos{\left(3 x \right)}}{243}
IBP_n05_cos_b08_09,5,cos,8,"Evaluate the indefinite integral.

\int x^{5} \cos(8x)\,dx

Show all steps. Give the antiderivative (omit the constant of integration) inside \boxed{}.",\frac{x^{5} \sin{\left(8 x \right)}}{8} + \frac{5 x^{4} \cos{\left(8 x \right)}}{64} - \frac{5 x^{3} \sin{\left(8 x \right)}}{128} - \frac{15 x^{2} \cos{\left(8 x \right)}}{1024} + \frac{15 x \sin{\left(8 x \right)}}{4096} + \frac{15 \cos{\left(8 x \right)}}{32768}
IBP_n06_sin_b03_00,6,sin,3,"Evaluate the indefinite integral.

\int x^{6} \sin(3x)\,dx

Show all steps. Give the antiderivative (omit the constant of integration) inside \boxed{}.",- \frac{x^{6} \cos{\left(3 x \right)}}{3} + \frac{2 x^{5} \sin{\left(3 x \right)}}{3} + \frac{10 x^{4} \cos{\left(3 x \right)}}{9} - \frac{40 x^{3} \sin{\left(3 x \right)}}{27} - \frac{40 x^{2} \cos{\left(3 x \right)}}{27} + \frac{80 x \sin{\left(3 x \right)}}{81} + \frac{80 \cos{\left(3 x \right)}}{243}
IBP_n06_sin_b02_01,6,sin,2,"Evaluate the indefinite integral.

\int x^{6} \sin(2x)\,dx

Show all steps. Give the antiderivative (omit the constant of integration) inside \boxed{}.",- \frac{x^{6} \cos{\left(2 x \right)}}{2} + \frac{3 x^{5} \sin{\left(2 x \right)}}{2} + \frac{15 x^{4} \cos{\left(2 x \right)}}{4} - \frac{15 x^{3} \sin{\left(2 x \right)}}{2} - \frac{45 x^{2} \cos{\left(2 x \right)}}{4} + \frac{45 x \sin{\left(2 x \right)}}{4} + \frac{45 \cos{\left(2 x \right)}}{8}
IBP_n06_sin_b09_02,6,sin,9,"Evaluate the indefinite integral.

\int x^{6} \sin(9x)\,dx

Show all steps. Give the antiderivative (omit the constant of integration) inside \boxed{}.",- \frac{x^{6} \cos{\left(9 x \right)}}{9} + \frac{2 x^{5} \sin{\left(9 x \right)}}{27} + \frac{10 x^{4} \cos{\left(9 x \right)}}{243} - \frac{40 x^{3} \sin{\left(9 x \right)}}{2187} - \frac{40 x^{2} \cos{\left(9 x \right)}}{6561} + \frac{80 x \sin{\left(9 x \right)}}{59049} + \frac{80 \cos{\left(9 x \right)}}{531441}
IBP_n06_sin_b10_03,6,sin,10,"Evaluate the indefinite integral.

\int x^{6} \sin(10x)\,dx

Show all steps. Give the antiderivative (omit the constant of integration) inside \boxed{}.",- \frac{x^{6} \cos{\left(10 x \right)}}{10} + \frac{3 x^{5} \sin{\left(10 x \right)}}{50} + \frac{3 x^{4} \cos{\left(10 x \right)}}{100} - \frac{3 x^{3} \sin{\left(10 x \right)}}{250} - \frac{9 x^{2} \cos{\left(10 x \right)}}{2500} + \frac{9 x \sin{\left(10 x \right)}}{12500} + \frac{9 \cos{\left(10 x \right)}}{125000}
IBP_n06_sin_b04_04,6,sin,4,"Evaluate the indefinite integral.

\int x^{6} \sin(4x)\,dx

Show all steps. Give the antiderivative (omit the constant of integration) inside \boxed{}.",- \frac{x^{6} \cos{\left(4 x \right)}}{4} + \frac{3 x^{5} \sin{\left(4 x \right)}}{8} + \frac{15 x^{4} \cos{\left(4 x \right)}}{32} - \frac{15 x^{3} \sin{\left(4 x \right)}}{32} - \frac{45 x^{2} \cos{\left(4 x \right)}}{128} + \frac{45 x \sin{\left(4 x \right)}}{256} + \frac{45 \cos{\left(4 x \right)}}{1024}
IBP_n06_sin_b08_05,6,sin,8,"Evaluate the indefinite integral.

\int x^{6} \sin(8x)\,dx

Show all steps. Give the antiderivative (omit the constant of integration) inside \boxed{}.",- \frac{x^{6} \cos{\left(8 x \right)}}{8} + \frac{3 x^{5} \sin{\left(8 x \right)}}{32} + \frac{15 x^{4} \cos{\left(8 x \right)}}{256} - \frac{15 x^{3} \sin{\left(8 x \right)}}{512} - \frac{45 x^{2} \cos{\left(8 x \right)}}{4096} + \frac{45 x \sin{\left(8 x \right)}}{16384} + \frac{45 \cos{\left(8 x \right)}}{131072}
IBP_n06_sin_b07_06,6,sin,7,"Evaluate the indefinite integral.

\int x^{6} \sin(7x)\,dx

Show all steps. Give the antiderivative (omit the constant of integration) inside \boxed{}.",- \frac{x^{6} \cos{\left(7 x \right)}}{7} + \frac{6 x^{5} \sin{\left(7 x \right)}}{49} + \frac{30 x^{4} \cos{\left(7 x \right)}}{343} - \frac{120 x^{3} \sin{\left(7 x \right)}}{2401} - \frac{360 x^{2} \cos{\left(7 x \right)}}{16807} + \frac{720 x \sin{\left(7 x \right)}}{117649} + \frac{720 \cos{\left(7 x \right)}}{823543}
IBP_n06_sin_b05_07,6,sin,5,"Evaluate the indefinite integral.

\int x^{6} \sin(5x)\,dx

Show all steps. Give the antiderivative (omit the constant of integration) inside \boxed{}.",- \frac{x^{6} \cos{\left(5 x \right)}}{5} + \frac{6 x^{5} \sin{\left(5 x \right)}}{25} + \frac{6 x^{4} \cos{\left(5 x \right)}}{25} - \frac{24 x^{3} \sin{\left(5 x \right)}}{125} - \frac{72 x^{2} \cos{\left(5 x \right)}}{625} + \frac{144 x \sin{\left(5 x \right)}}{3125} + \frac{144 \cos{\left(5 x \right)}}{15625}
IBP_n06_sin_b06_08,6,sin,6,"Evaluate the indefinite integral.

\int x^{6} \sin(6x)\,dx

Show all steps. Give the antiderivative (omit the constant of integration) inside \boxed{}.",- \frac{x^{6} \cos{\left(6 x \right)}}{6} + \frac{x^{5} \sin{\left(6 x \right)}}{6} + \frac{5 x^{4} \cos{\left(6 x \right)}}{36} - \frac{5 x^{3} \sin{\left(6 x \right)}}{54} - \frac{5 x^{2} \cos{\left(6 x \right)}}{108} + \frac{5 x \sin{\left(6 x \right)}}{324} + \frac{5 \cos{\left(6 x \right)}}{1944}
IBP_n06_sin_b01_09,6,sin,1,"Evaluate the indefinite integral.

\int x^{6} \sin(x)\,dx

Show all steps. Give the antiderivative (omit the constant of integration) inside \boxed{}.",- x^{6} \cos{\left(x \right)} + 6 x^{5} \sin{\left(x \right)} + 30 x^{4} \cos{\left(x \right)} - 120 x^{3} \sin{\left(x \right)} - 360 x^{2} \cos{\left(x \right)} + 720 x \sin{\left(x \right)} + 720 \cos{\left(x \right)}
IBP_n06_cos_b04_00,6,cos,4,"Evaluate the indefinite integral.

\int x^{6} \cos(4x)\,dx

Show all steps. Give the antiderivative (omit the constant of integration) inside \boxed{}.",\frac{x^{6} \sin{\left(4 x \right)}}{4} + \frac{3 x^{5} \cos{\left(4 x \right)}}{8} - \frac{15 x^{4} \sin{\left(4 x \right)}}{32} - \frac{15 x^{3} \cos{\left(4 x \right)}}{32} + \frac{45 x^{2} \sin{\left(4 x \right)}}{128} + \frac{45 x \cos{\left(4 x \right)}}{256} - \frac{45 \sin{\left(4 x \right)}}{1024}
IBP_n06_cos_b09_01,6,cos,9,"Evaluate the indefinite integral.

\int x^{6} \cos(9x)\,dx

Show all steps. Give the antiderivative (omit the constant of integration) inside \boxed{}.",\frac{x^{6} \sin{\left(9 x \right)}}{9} + \frac{2 x^{5} \cos{\left(9 x \right)}}{27} - \frac{10 x^{4} \sin{\left(9 x \right)}}{243} - \frac{40 x^{3} \cos{\left(9 x \right)}}{2187} + \frac{40 x^{2} \sin{\left(9 x \right)}}{6561} + \frac{80 x \cos{\left(9 x \right)}}{59049} - \frac{80 \sin{\left(9 x \right)}}{531441}
IBP_n06_cos_b06_02,6,cos,6,"Evaluate the indefinite integral.

\int x^{6} \cos(6x)\,dx

Show all steps. Give the antiderivative (omit the constant of integration) inside \boxed{}.",\frac{x^{6} \sin{\left(6 x \right)}}{6} + \frac{x^{5} \cos{\left(6 x \right)}}{6} - \frac{5 x^{4} \sin{\left(6 x \right)}}{36} - \frac{5 x^{3} \cos{\left(6 x \right)}}{54} + \frac{5 x^{2} \sin{\left(6 x \right)}}{108} + \frac{5 x \cos{\left(6 x \right)}}{324} - \frac{5 \sin{\left(6 x \right)}}{1944}
IBP_n06_cos_b02_03,6,cos,2,"Evaluate the indefinite integral.

\int x^{6} \cos(2x)\,dx

Show all steps. Give the antiderivative (omit the constant of integration) inside \boxed{}.",\frac{x^{6} \sin{\left(2 x \right)}}{2} + \frac{3 x^{5} \cos{\left(2 x \right)}}{2} - \frac{15 x^{4} \sin{\left(2 x \right)}}{4} - \frac{15 x^{3} \cos{\left(2 x \right)}}{2} + \frac{45 x^{2} \sin{\left(2 x \right)}}{4} + \frac{45 x \cos{\left(2 x \right)}}{4} - \frac{45 \sin{\left(2 x \right)}}{8}
IBP_n06_cos_b10_04,6,cos,10,"Evaluate the indefinite integral.

\int x^{6} \cos(10x)\,dx

Show all steps. Give the antiderivative (omit the constant of integration) inside \boxed{}.",\frac{x^{6} \sin{\left(10 x \right)}}{10} + \frac{3 x^{5} \cos{\left(10 x \right)}}{50} - \frac{3 x^{4} \sin{\left(10 x \right)}}{100} - \frac{3 x^{3} \cos{\left(10 x \right)}}{250} + \frac{9 x^{2} \sin{\left(10 x \right)}}{2500} + \frac{9 x \cos{\left(10 x \right)}}{12500} - \frac{9 \sin{\left(10 x \right)}}{125000}
IBP_n06_cos_b03_05,6,cos,3,"Evaluate the indefinite integral.

\int x^{6} \cos(3x)\,dx

Show all steps. Give the antiderivative (omit the constant of integration) inside \boxed{}.",\frac{x^{6} \sin{\left(3 x \right)}}{3} + \frac{2 x^{5} \cos{\left(3 x \right)}}{3} - \frac{10 x^{4} \sin{\left(3 x \right)}}{9} - \frac{40 x^{3} \cos{\left(3 x \right)}}{27} + \frac{40 x^{2} \sin{\left(3 x \right)}}{27} + \frac{80 x \cos{\left(3 x \right)}}{81} - \frac{80 \sin{\left(3 x \right)}}{243}
IBP_n06_cos_b08_06,6,cos,8,"Evaluate the indefinite integral.

\int x^{6} \cos(8x)\,dx

Show all steps. Give the antiderivative (omit the constant of integration) inside \boxed{}.",\frac{x^{6} \sin{\left(8 x \right)}}{8} + \frac{3 x^{5} \cos{\left(8 x \right)}}{32} - \frac{15 x^{4} \sin{\left(8 x \right)}}{256} - \frac{15 x^{3} \cos{\left(8 x \right)}}{512} + \frac{45 x^{2} \sin{\left(8 x \right)}}{4096} + \frac{45 x \cos{\left(8 x \right)}}{16384} - \frac{45 \sin{\left(8 x \right)}}{131072}
IBP_n06_cos_b07_07,6,cos,7,"Evaluate the indefinite integral.

\int x^{6} \cos(7x)\,dx

Show all steps. Give the antiderivative (omit the constant of integration) inside \boxed{}.",\frac{x^{6} \sin{\left(7 x \right)}}{7} + \frac{6 x^{5} \cos{\left(7 x \right)}}{49} - \frac{30 x^{4} \sin{\left(7 x \right)}}{343} - \frac{120 x^{3} \cos{\left(7 x \right)}}{2401} + \frac{360 x^{2} \sin{\left(7 x \right)}}{16807} + \frac{720 x \cos{\left(7 x \right)}}{117649} - \frac{720 \sin{\left(7 x \right)}}{823543}
IBP_n06_cos_b01_08,6,cos,1,"Evaluate the indefinite integral.

\int x^{6} \cos(x)\,dx

Show all steps. Give the antiderivative (omit the constant of integration) inside \boxed{}.",x^{6} \sin{\left(x \right)} + 6 x^{5} \cos{\left(x \right)} - 30 x^{4} \sin{\left(x \right)} - 120 x^{3} \cos{\left(x \right)} + 360 x^{2} \sin{\left(x \right)} + 720 x \cos{\left(x \right)} - 720 \sin{\left(x \right)}
IBP_n06_cos_b05_09,6,cos,5,"Evaluate the indefinite integral.

\int x^{6} \cos(5x)\,dx

Show all steps. Give the antiderivative (omit the constant of integration) inside \boxed{}.",\frac{x^{6} \sin{\left(5 x \right)}}{5} + \frac{6 x^{5} \cos{\left(5 x \right)}}{25} - \frac{6 x^{4} \sin{\left(5 x \right)}}{25} - \frac{24 x^{3} \cos{\left(5 x \right)}}{125} + \frac{72 x^{2} \sin{\left(5 x \right)}}{625} + \frac{144 x \cos{\left(5 x \right)}}{3125} - \frac{144 \sin{\left(5 x \right)}}{15625}
IBP_n07_sin_b07_00,7,sin,7,"Evaluate the indefinite integral.

\int x^{7} \sin(7x)\,dx

Show all steps. Give the antiderivative (omit the constant of integration) inside \boxed{}.",- \frac{x^{7} \cos{\left(7 x \right)}}{7} + \frac{x^{6} \sin{\left(7 x \right)}}{7} + \frac{6 x^{5} \cos{\left(7 x \right)}}{49} - \frac{30 x^{4} \sin{\left(7 x \right)}}{343} - \frac{120 x^{3} \cos{\left(7 x \right)}}{2401} + \frac{360 x^{2} \sin{\left(7 x \right)}}{16807} + \frac{720 x \cos{\left(7 x \right)}}{117649} - \frac{720 \sin{\left(7 x \right)}}{823543}
IBP_n07_sin_b04_01,7,sin,4,"Evaluate the indefinite integral.

\int x^{7} \sin(4x)\,dx

Show all steps. Give the antiderivative (omit the constant of integration) inside \boxed{}.",- \frac{x^{7} \cos{\left(4 x \right)}}{4} + \frac{7 x^{6} \sin{\left(4 x \right)}}{16} + \frac{21 x^{5} \cos{\left(4 x \right)}}{32} - \frac{105 x^{4} \sin{\left(4 x \right)}}{128} - \frac{105 x^{3} \cos{\left(4 x \right)}}{128} + \frac{315 x^{2} \sin{\left(4 x \right)}}{512} + \frac{315 x \cos{\left(4 x \right)}}{1024} - \frac{315 \sin{\left(4 x \right)}}{4096}
IBP_n07_sin_b10_02,7,sin,10,"Evaluate the indefinite integral.

\int x^{7} \sin(10x)\,dx

Show all steps. Give the antiderivative (omit the constant of integration) inside \boxed{}.",- \frac{x^{7} \cos{\left(10 x \right)}}{10} + \frac{7 x^{6} \sin{\left(10 x \right)}}{100} + \frac{21 x^{5} \cos{\left(10 x \right)}}{500} - \frac{21 x^{4} \sin{\left(10 x \right)}}{1000} - \frac{21 x^{3} \cos{\left(10 x \right)}}{2500} + \frac{63 x^{2} \sin{\left(10 x \right)}}{25000} + \frac{63 x \cos{\left(10 x \right)}}{125000} - \frac{63 \sin{\left(10 x \right)}}{1250000}
IBP_n07_sin_b02_03,7,sin,2,"Evaluate the indefinite integral.

\int x^{7} \sin(2x)\,dx

Show all steps. Give the antiderivative (omit the constant of integration) inside \boxed{}.",- \frac{x^{7} \cos{\left(2 x \right)}}{2} + \frac{7 x^{6} \sin{\left(2 x \right)}}{4} + \frac{21 x^{5} \cos{\left(2 x \right)}}{4} - \frac{105 x^{4} \sin{\left(2 x \right)}}{8} - \frac{105 x^{3} \cos{\left(2 x \right)}}{4} + \frac{315 x^{2} \sin{\left(2 x \right)}}{8} + \frac{315 x \cos{\left(2 x \right)}}{8} - \frac{315 \sin{\left(2 x \right)}}{16}
IBP_n07_sin_b06_04,7,sin,6,"Evaluate the indefinite integral.

\int x^{7} \sin(6x)\,dx

Show all steps. Give the antiderivative (omit the constant of integration) inside \boxed{}.",- \frac{x^{7} \cos{\left(6 x \right)}}{6} + \frac{7 x^{6} \sin{\left(6 x \right)}}{36} + \frac{7 x^{5} \cos{\left(6 x \right)}}{36} - \frac{35 x^{4} \sin{\left(6 x \right)}}{216} - \frac{35 x^{3} \cos{\left(6 x \right)}}{324} + \frac{35 x^{2} \sin{\left(6 x \right)}}{648} + \frac{35 x \cos{\left(6 x \right)}}{1944} - \frac{35 \sin{\left(6 x \right)}}{11664}
IBP_n07_sin_b05_05,7,sin,5,"Evaluate the indefinite integral.

\int x^{7} \sin(5x)\,dx

Show all steps. Give the antiderivative (omit the constant of integration) inside \boxed{}.",- \frac{x^{7} \cos{\left(5 x \right)}}{5} + \frac{7 x^{6} \sin{\left(5 x \right)}}{25} + \frac{42 x^{5} \cos{\left(5 x \right)}}{125} - \frac{42 x^{4} \sin{\left(5 x \right)}}{125} - \frac{168 x^{3} \cos{\left(5 x \right)}}{625} + \frac{504 x^{2} \sin{\left(5 x \right)}}{3125} + \frac{1008 x \cos{\left(5 x \right)}}{15625} - \frac{1008 \sin{\left(5 x \right)}}{78125}
IBP_n07_sin_b03_06,7,sin,3,"Evaluate the indefinite integral.

\int x^{7} \sin(3x)\,dx

Show all steps. Give the antiderivative (omit the constant of integration) inside \boxed{}.",- \frac{x^{7} \cos{\left(3 x \right)}}{3} + \frac{7 x^{6} \sin{\left(3 x \right)}}{9} + \frac{14 x^{5} \cos{\left(3 x \right)}}{9} - \frac{70 x^{4} \sin{\left(3 x \right)}}{27} - \frac{280 x^{3} \cos{\left(3 x \right)}}{81} + \frac{280 x^{2} \sin{\left(3 x \right)}}{81} + \frac{560 x \cos{\left(3 x \right)}}{243} - \frac{560 \sin{\left(3 x \right)}}{729}
IBP_n07_sin_b08_07,7,sin,8,"Evaluate the indefinite integral.

\int x^{7} \sin(8x)\,dx

Show all steps. Give the antiderivative (omit the constant of integration) inside \boxed{}.",- \frac{x^{7} \cos{\left(8 x \right)}}{8} + \frac{7 x^{6} \sin{\left(8 x \right)}}{64} + \frac{21 x^{5} \cos{\left(8 x \right)}}{256} - \frac{105 x^{4} \sin{\left(8 x \right)}}{2048} - \frac{105 x^{3} \cos{\left(8 x \right)}}{4096} + \frac{315 x^{2} \sin{\left(8 x \right)}}{32768} + \frac{315 x \cos{\left(8 x \right)}}{131072} - \frac{315 \sin{\left(8 x \right)}}{1048576}
IBP_n07_sin_b09_08,7,sin,9,"Evaluate the indefinite integral.

\int x^{7} \sin(9x)\,dx

Show all steps. Give the antiderivative (omit the constant of integration) inside \boxed{}.",- \frac{x^{7} \cos{\left(9 x \right)}}{9} + \frac{7 x^{6} \sin{\left(9 x \right)}}{81} + \frac{14 x^{5} \cos{\left(9 x \right)}}{243} - \frac{70 x^{4} \sin{\left(9 x \right)}}{2187} - \frac{280 x^{3} \cos{\left(9 x \right)}}{19683} + \frac{280 x^{2} \sin{\left(9 x \right)}}{59049} + \frac{560 x \cos{\left(9 x \right)}}{531441} - \frac{560 \sin{\left(9 x \right)}}{4782969}
IBP_n07_sin_b01_09,7,sin,1,"Evaluate the indefinite integral.

\int x^{7} \sin(x)\,dx

Show all steps. Give the antiderivative (omit the constant of integration) inside \boxed{}.",- x^{7} \cos{\left(x \right)} + 7 x^{6} \sin{\left(x \right)} + 42 x^{5} \cos{\left(x \right)} - 210 x^{4} \sin{\left(x \right)} - 840 x^{3} \cos{\left(x \right)} + 2520 x^{2} \sin{\left(x \right)} + 5040 x \cos{\left(x \right)} - 5040 \sin{\left(x \right)}
IBP_n07_cos_b09_00,7,cos,9,"Evaluate the indefinite integral.

\int x^{7} \cos(9x)\,dx

Show all steps. Give the antiderivative (omit the constant of integration) inside \boxed{}.",\frac{x^{7} \sin{\left(9 x \right)}}{9} + \frac{7 x^{6} \cos{\left(9 x \right)}}{81} - \frac{14 x^{5} \sin{\left(9 x \right)}}{243} - \frac{70 x^{4} \cos{\left(9 x \right)}}{2187} + \frac{280 x^{3} \sin{\left(9 x \right)}}{19683} + \frac{280 x^{2} \cos{\left(9 x \right)}}{59049} - \frac{560 x \sin{\left(9 x \right)}}{531441} - \frac{560 \cos{\left(9 x \right)}}{4782969}
IBP_n07_cos_b02_01,7,cos,2,"Evaluate the indefinite integral.

\int x^{7} \cos(2x)\,dx

Show all steps. Give the antiderivative (omit the constant of integration) inside \boxed{}.",\frac{x^{7} \sin{\left(2 x \right)}}{2} + \frac{7 x^{6} \cos{\left(2 x \right)}}{4} - \frac{21 x^{5} \sin{\left(2 x \right)}}{4} - \frac{105 x^{4} \cos{\left(2 x \right)}}{8} + \frac{105 x^{3} \sin{\left(2 x \right)}}{4} + \frac{315 x^{2} \cos{\left(2 x \right)}}{8} - \frac{315 x \sin{\left(2 x \right)}}{8} - \frac{315 \cos{\left(2 x \right)}}{16}
IBP_n07_cos_b06_02,7,cos,6,"Evaluate the indefinite integral.

\int x^{7} \cos(6x)\,dx

Show all steps. Give the antiderivative (omit the constant of integration) inside \boxed{}.",\frac{x^{7} \sin{\left(6 x \right)}}{6} + \frac{7 x^{6} \cos{\left(6 x \right)}}{36} - \frac{7 x^{5} \sin{\left(6 x \right)}}{36} - \frac{35 x^{4} \cos{\left(6 x \right)}}{216} + \frac{35 x^{3} \sin{\left(6 x \right)}}{324} + \frac{35 x^{2} \cos{\left(6 x \right)}}{648} - \frac{35 x \sin{\left(6 x \right)}}{1944} - \frac{35 \cos{\left(6 x \right)}}{11664}
IBP_n07_cos_b04_03,7,cos,4,"Evaluate the indefinite integral.

\int x^{7} \cos(4x)\,dx

Show all steps. Give the antiderivative (omit the constant of integration) inside \boxed{}.",\frac{x^{7} \sin{\left(4 x \right)}}{4} + \frac{7 x^{6} \cos{\left(4 x \right)}}{16} - \frac{21 x^{5} \sin{\left(4 x \right)}}{32} - \frac{105 x^{4} \cos{\left(4 x \right)}}{128} + \frac{105 x^{3} \sin{\left(4 x \right)}}{128} + \frac{315 x^{2} \cos{\left(4 x \right)}}{512} - \frac{315 x \sin{\left(4 x \right)}}{1024} - \frac{315 \cos{\left(4 x \right)}}{4096}
IBP_n07_cos_b01_04,7,cos,1,"Evaluate the indefinite integral.

\int x^{7} \cos(x)\,dx

Show all steps. Give the antiderivative (omit the constant of integration) inside \boxed{}.",x^{7} \sin{\left(x \right)} + 7 x^{6} \cos{\left(x \right)} - 42 x^{5} \sin{\left(x \right)} - 210 x^{4} \cos{\left(x \right)} + 840 x^{3} \sin{\left(x \right)} + 2520 x^{2} \cos{\left(x \right)} - 5040 x \sin{\left(x \right)} - 5040 \cos{\left(x \right)}
IBP_n07_cos_b05_05,7,cos,5,"Evaluate the indefinite integral.

\int x^{7} \cos(5x)\,dx

Show all steps. Give the antiderivative (omit the constant of integration) inside \boxed{}.",\frac{x^{7} \sin{\left(5 x \right)}}{5} + \frac{7 x^{6} \cos{\left(5 x \right)}}{25} - \frac{42 x^{5} \sin{\left(5 x \right)}}{125} - \frac{42 x^{4} \cos{\left(5 x \right)}}{125} + \frac{168 x^{3} \sin{\left(5 x \right)}}{625} + \frac{504 x^{2} \cos{\left(5 x \right)}}{3125} - \frac{1008 x \sin{\left(5 x \right)}}{15625} - \frac{1008 \cos{\left(5 x \right)}}{78125}
IBP_n07_cos_b07_06,7,cos,7,"Evaluate the indefinite integral.

\int x^{7} \cos(7x)\,dx

Show all steps. Give the antiderivative (omit the constant of integration) inside \boxed{}.",\frac{x^{7} \sin{\left(7 x \right)}}{7} + \frac{x^{6} \cos{\left(7 x \right)}}{7} - \frac{6 x^{5} \sin{\left(7 x \right)}}{49} - \frac{30 x^{4} \cos{\left(7 x \right)}}{343} + \frac{120 x^{3} \sin{\left(7 x \right)}}{2401} + \frac{360 x^{2} \cos{\left(7 x \right)}}{16807} - \frac{720 x \sin{\left(7 x \right)}}{117649} - \frac{720 \cos{\left(7 x \right)}}{823543}
IBP_n07_cos_b08_07,7,cos,8,"Evaluate the indefinite integral.

\int x^{7} \cos(8x)\,dx

Show all steps. Give the antiderivative (omit the constant of integration) inside \boxed{}.",\frac{x^{7} \sin{\left(8 x \right)}}{8} + \frac{7 x^{6} \cos{\left(8 x \right)}}{64} - \frac{21 x^{5} \sin{\left(8 x \right)}}{256} - \frac{105 x^{4} \cos{\left(8 x \right)}}{2048} + \frac{105 x^{3} \sin{\left(8 x \right)}}{4096} + \frac{315 x^{2} \cos{\left(8 x \right)}}{32768} - \frac{315 x \sin{\left(8 x \right)}}{131072} - \frac{315 \cos{\left(8 x \right)}}{1048576}
IBP_n07_cos_b03_08,7,cos,3,"Evaluate the indefinite integral.

\int x^{7} \cos(3x)\,dx

Show all steps. Give the antiderivative (omit the constant of integration) inside \boxed{}.",\frac{x^{7} \sin{\left(3 x \right)}}{3} + \frac{7 x^{6} \cos{\left(3 x \right)}}{9} - \frac{14 x^{5} \sin{\left(3 x \right)}}{9} - \frac{70 x^{4} \cos{\left(3 x \right)}}{27} + \frac{280 x^{3} \sin{\left(3 x \right)}}{81} + \frac{280 x^{2} \cos{\left(3 x \right)}}{81} - \frac{560 x \sin{\left(3 x \right)}}{243} - \frac{560 \cos{\left(3 x \right)}}{729}
IBP_n07_cos_b10_09,7,cos,10,"Evaluate the indefinite integral.

\int x^{7} \cos(10x)\,dx

Show all steps. Give the antiderivative (omit the constant of integration) inside \boxed{}.",\frac{x^{7} \sin{\left(10 x \right)}}{10} + \frac{7 x^{6} \cos{\left(10 x \right)}}{100} - \frac{21 x^{5} \sin{\left(10 x \right)}}{500} - \frac{21 x^{4} \cos{\left(10 x \right)}}{1000} + \frac{21 x^{3} \sin{\left(10 x \right)}}{2500} + \frac{63 x^{2} \cos{\left(10 x \right)}}{25000} - \frac{63 x \sin{\left(10 x \right)}}{125000} - \frac{63 \cos{\left(10 x \right)}}{1250000}
IBP_n08_sin_b07_00,8,sin,7,"Evaluate the indefinite integral.

\int x^{8} \sin(7x)\,dx

Show all steps. Give the antiderivative (omit the constant of integration) inside \boxed{}.",- \frac{x^{8} \cos{\left(7 x \right)}}{7} + \frac{8 x^{7} \sin{\left(7 x \right)}}{49} + \frac{8 x^{6} \cos{\left(7 x \right)}}{49} - \frac{48 x^{5} \sin{\left(7 x \right)}}{343} - \frac{240 x^{4} \cos{\left(7 x \right)}}{2401} + \frac{960 x^{3} \sin{\left(7 x \right)}}{16807} + \frac{2880 x^{2} \cos{\left(7 x \right)}}{117649} - \frac{5760 x \sin{\left(7 x \right)}}{823543} - \frac{5760 \cos{\left(7 x \right)}}{5764801}
IBP_n08_sin_b04_01,8,sin,4,"Evaluate the indefinite integral.

\int x^{8} \sin(4x)\,dx

Show all steps. Give the antiderivative (omit the constant of integration) inside \boxed{}.",- \frac{x^{8} \cos{\left(4 x \right)}}{4} + \frac{x^{7} \sin{\left(4 x \right)}}{2} + \frac{7 x^{6} \cos{\left(4 x \right)}}{8} - \frac{21 x^{5} \sin{\left(4 x \right)}}{16} - \frac{105 x^{4} \cos{\left(4 x \right)}}{64} + \frac{105 x^{3} \sin{\left(4 x \right)}}{64} + \frac{315 x^{2} \cos{\left(4 x \right)}}{256} - \frac{315 x \sin{\left(4 x \right)}}{512} - \frac{315 \cos{\left(4 x \right)}}{2048}
IBP_n08_sin_b01_02,8,sin,1,"Evaluate the indefinite integral.

\int x^{8} \sin(x)\,dx

Show all steps. Give the antiderivative (omit the constant of integration) inside \boxed{}.",- x^{8} \cos{\left(x \right)} + 8 x^{7} \sin{\left(x \right)} + 56 x^{6} \cos{\left(x \right)} - 336 x^{5} \sin{\left(x \right)} - 1680 x^{4} \cos{\left(x \right)} + 6720 x^{3} \sin{\left(x \right)} + 20160 x^{2} \cos{\left(x \right)} - 40320 x \sin{\left(x \right)} - 40320 \cos{\left(x \right)}
IBP_n08_sin_b06_03,8,sin,6,"Evaluate the indefinite integral.

\int x^{8} \sin(6x)\,dx

Show all steps. Give the antiderivative (omit the constant of integration) inside \boxed{}.",- \frac{x^{8} \cos{\left(6 x \right)}}{6} + \frac{2 x^{7} \sin{\left(6 x \right)}}{9} + \frac{7 x^{6} \cos{\left(6 x \right)}}{27} - \frac{7 x^{5} \sin{\left(6 x \right)}}{27} - \frac{35 x^{4} \cos{\left(6 x \right)}}{162} + \frac{35 x^{3} \sin{\left(6 x \right)}}{243} + \frac{35 x^{2} \cos{\left(6 x \right)}}{486} - \frac{35 x \sin{\left(6 x \right)}}{1458} - \frac{35 \cos{\left(6 x \right)}}{8748}
IBP_n08_sin_b09_04,8,sin,9,"Evaluate the indefinite integral.

\int x^{8} \sin(9x)\,dx

Show all steps. Give the antiderivative (omit the constant of integration) inside \boxed{}.",- \frac{x^{8} \cos{\left(9 x \right)}}{9} + \frac{8 x^{7} \sin{\left(9 x \right)}}{81} + \frac{56 x^{6} \cos{\left(9 x \right)}}{729} - \frac{112 x^{5} \sin{\left(9 x \right)}}{2187} - \frac{560 x^{4} \cos{\left(9 x \right)}}{19683} + \frac{2240 x^{3} \sin{\left(9 x \right)}}{177147} + \frac{2240 x^{2} \cos{\left(9 x \right)}}{531441} - \frac{4480 x \sin{\left(9 x \right)}}{4782969} - \frac{4480 \cos{\left(9 x \right)}}{43046721}
IBP_n08_sin_b02_05,8,sin,2,"Evaluate the indefinite integral.

\int x^{8} \sin(2x)\,dx

Show all steps. Give the antiderivative (omit the constant of integration) inside \boxed{}.",- \frac{x^{8} \cos{\left(2 x \right)}}{2} + 2 x^{7} \sin{\left(2 x \right)} + 7 x^{6} \cos{\left(2 x \right)} - 21 x^{5} \sin{\left(2 x \right)} - \frac{105 x^{4} \cos{\left(2 x \right)}}{2} + 105 x^{3} \sin{\left(2 x \right)} + \frac{315 x^{2} \cos{\left(2 x \right)}}{2} - \frac{315 x \sin{\left(2 x \right)}}{2} - \frac{315 \cos{\left(2 x \right)}}{4}
IBP_n08_sin_b05_06,8,sin,5,"Evaluate the indefinite integral.

\int x^{8} \sin(5x)\,dx

Show all steps. Give the antiderivative (omit the constant of integration) inside \boxed{}.",- \frac{x^{8} \cos{\left(5 x \right)}}{5} + \frac{8 x^{7} \sin{\left(5 x \right)}}{25} + \frac{56 x^{6} \cos{\left(5 x \right)}}{125} - \frac{336 x^{5} \sin{\left(5 x \right)}}{625} - \frac{336 x^{4} \cos{\left(5 x \right)}}{625} + \frac{1344 x^{3} \sin{\left(5 x \right)}}{3125} + \frac{4032 x^{2} \cos{\left(5 x \right)}}{15625} - \frac{8064 x \sin{\left(5 x \right)}}{78125} - \frac{8064 \cos{\left(5 x \right)}}{390625}
IBP_n08_sin_b03_07,8,sin,3,"Evaluate the indefinite integral.

\int x^{8} \sin(3x)\,dx

Show all steps. Give the antiderivative (omit the constant of integration) inside \boxed{}.",- \frac{x^{8} \cos{\left(3 x \right)}}{3} + \frac{8 x^{7} \sin{\left(3 x \right)}}{9} + \frac{56 x^{6} \cos{\left(3 x \right)}}{27} - \frac{112 x^{5} \sin{\left(3 x \right)}}{27} - \frac{560 x^{4} \cos{\left(3 x \right)}}{81} + \frac{2240 x^{3} \sin{\left(3 x \right)}}{243} + \frac{2240 x^{2} \cos{\left(3 x \right)}}{243} - \frac{4480 x \sin{\left(3 x \right)}}{729} - \frac{4480 \cos{\left(3 x \right)}}{2187}
IBP_n08_sin_b10_08,8,sin,10,"Evaluate the indefinite integral.

\int x^{8} \sin(10x)\,dx

Show all steps. Give the antiderivative (omit the constant of integration) inside \boxed{}.",- \frac{x^{8} \cos{\left(10 x \right)}}{10} + \frac{2 x^{7} \sin{\left(10 x \right)}}{25} + \frac{7 x^{6} \cos{\left(10 x \right)}}{125} - \frac{21 x^{5} \sin{\left(10 x \right)}}{625} - \frac{21 x^{4} \cos{\left(10 x \right)}}{1250} + \frac{21 x^{3} \sin{\left(10 x \right)}}{3125} + \frac{63 x^{2} \cos{\left(10 x \right)}}{31250} - \frac{63 x \sin{\left(10 x \right)}}{156250} - \frac{63 \cos{\left(10 x \right)}}{1562500}
IBP_n08_sin_b08_09,8,sin,8,"Evaluate the indefinite integral.

\int x^{8} \sin(8x)\,dx

Show all steps. Give the antiderivative (omit the constant of integration) inside \boxed{}.",- \frac{x^{8} \cos{\left(8 x \right)}}{8} + \frac{x^{7} \sin{\left(8 x \right)}}{8} + \frac{7 x^{6} \cos{\left(8 x \right)}}{64} - \frac{21 x^{5} \sin{\left(8 x \right)}}{256} - \frac{105 x^{4} \cos{\left(8 x \right)}}{2048} + \frac{105 x^{3} \sin{\left(8 x \right)}}{4096} + \frac{315 x^{2} \cos{\left(8 x \right)}}{32768} - \frac{315 x \sin{\left(8 x \right)}}{131072} - \frac{315 \cos{\left(8 x \right)}}{1048576}
IBP_n08_cos_b07_00,8,cos,7,"Evaluate the indefinite integral.

\int x^{8} \cos(7x)\,dx

Show all steps. Give the antiderivative (omit the constant of integration) inside \boxed{}.",\frac{x^{8} \sin{\left(7 x \right)}}{7} + \frac{8 x^{7} \cos{\left(7 x \right)}}{49} - \frac{8 x^{6} \sin{\left(7 x \right)}}{49} - \frac{48 x^{5} \cos{\left(7 x \right)}}{343} + \frac{240 x^{4} \sin{\left(7 x \right)}}{2401} + \frac{960 x^{3} \cos{\left(7 x \right)}}{16807} - \frac{2880 x^{2} \sin{\left(7 x \right)}}{117649} - \frac{5760 x \cos{\left(7 x \right)}}{823543} + \frac{5760 \sin{\left(7 x \right)}}{5764801}
IBP_n08_cos_b05_01,8,cos,5,"Evaluate the indefinite integral.

\int x^{8} \cos(5x)\,dx

Show all steps. Give the antiderivative (omit the constant of integration) inside \boxed{}.",\frac{x^{8} \sin{\left(5 x \right)}}{5} + \frac{8 x^{7} \cos{\left(5 x \right)}}{25} - \frac{56 x^{6} \sin{\left(5 x \right)}}{125} - \frac{336 x^{5} \cos{\left(5 x \right)}}{625} + \frac{336 x^{4} \sin{\left(5 x \right)}}{625} + \frac{1344 x^{3} \cos{\left(5 x \right)}}{3125} - \frac{4032 x^{2} \sin{\left(5 x \right)}}{15625} - \frac{8064 x \cos{\left(5 x \right)}}{78125} + \frac{8064 \sin{\left(5 x \right)}}{390625}
IBP_n08_cos_b03_02,8,cos,3,"Evaluate the indefinite integral.

\int x^{8} \cos(3x)\,dx

Show all steps. Give the antiderivative (omit the constant of integration) inside \boxed{}.",\frac{x^{8} \sin{\left(3 x \right)}}{3} + \frac{8 x^{7} \cos{\left(3 x \right)}}{9} - \frac{56 x^{6} \sin{\left(3 x \right)}}{27} - \frac{112 x^{5} \cos{\left(3 x \right)}}{27} + \frac{560 x^{4} \sin{\left(3 x \right)}}{81} + \frac{2240 x^{3} \cos{\left(3 x \right)}}{243} - \frac{2240 x^{2} \sin{\left(3 x \right)}}{243} - \frac{4480 x \cos{\left(3 x \right)}}{729} + \frac{4480 \sin{\left(3 x \right)}}{2187}
IBP_n08_cos_b02_03,8,cos,2,"Evaluate the indefinite integral.

\int x^{8} \cos(2x)\,dx

Show all steps. Give the antiderivative (omit the constant of integration) inside \boxed{}.",\frac{x^{8} \sin{\left(2 x \right)}}{2} + 2 x^{7} \cos{\left(2 x \right)} - 7 x^{6} \sin{\left(2 x \right)} - 21 x^{5} \cos{\left(2 x \right)} + \frac{105 x^{4} \sin{\left(2 x \right)}}{2} + 105 x^{3} \cos{\left(2 x \right)} - \frac{315 x^{2} \sin{\left(2 x \right)}}{2} - \frac{315 x \cos{\left(2 x \right)}}{2} + \frac{315 \sin{\left(2 x \right)}}{4}
IBP_n08_cos_b04_04,8,cos,4,"Evaluate the indefinite integral.

\int x^{8} \cos(4x)\,dx

Show all steps. Give the antiderivative (omit the constant of integration) inside \boxed{}.",\frac{x^{8} \sin{\left(4 x \right)}}{4} + \frac{x^{7} \cos{\left(4 x \right)}}{2} - \frac{7 x^{6} \sin{\left(4 x \right)}}{8} - \frac{21 x^{5} \cos{\left(4 x \right)}}{16} + \frac{105 x^{4} \sin{\left(4 x \right)}}{64} + \frac{105 x^{3} \cos{\left(4 x \right)}}{64} - \frac{315 x^{2} \sin{\left(4 x \right)}}{256} - \frac{315 x \cos{\left(4 x \right)}}{512} + \frac{315 \sin{\left(4 x \right)}}{2048}
IBP_n08_cos_b08_05,8,cos,8,"Evaluate the indefinite integral.

\int x^{8} \cos(8x)\,dx

Show all steps. Give the antiderivative (omit the constant of integration) inside \boxed{}.",\frac{x^{8} \sin{\left(8 x \right)}}{8} + \frac{x^{7} \cos{\left(8 x \right)}}{8} - \frac{7 x^{6} \sin{\left(8 x \right)}}{64} - \frac{21 x^{5} \cos{\left(8 x \right)}}{256} + \frac{105 x^{4} \sin{\left(8 x \right)}}{2048} + \frac{105 x^{3} \cos{\left(8 x \right)}}{4096} - \frac{315 x^{2} \sin{\left(8 x \right)}}{32768} - \frac{315 x \cos{\left(8 x \right)}}{131072} + \frac{315 \sin{\left(8 x \right)}}{1048576}
IBP_n08_cos_b09_06,8,cos,9,"Evaluate the indefinite integral.

\int x^{8} \cos(9x)\,dx

Show all steps. Give the antiderivative (omit the constant of integration) inside \boxed{}.",\frac{x^{8} \sin{\left(9 x \right)}}{9} + \frac{8 x^{7} \cos{\left(9 x \right)}}{81} - \frac{56 x^{6} \sin{\left(9 x \right)}}{729} - \frac{112 x^{5} \cos{\left(9 x \right)}}{2187} + \frac{560 x^{4} \sin{\left(9 x \right)}}{19683} + \frac{2240 x^{3} \cos{\left(9 x \right)}}{177147} - \frac{2240 x^{2} \sin{\left(9 x \right)}}{531441} - \frac{4480 x \cos{\left(9 x \right)}}{4782969} + \frac{4480 \sin{\left(9 x \right)}}{43046721}
IBP_n08_cos_b06_07,8,cos,6,"Evaluate the indefinite integral.

\int x^{8} \cos(6x)\,dx

Show all steps. Give the antiderivative (omit the constant of integration) inside \boxed{}.",\frac{x^{8} \sin{\left(6 x \right)}}{6} + \frac{2 x^{7} \cos{\left(6 x \right)}}{9} - \frac{7 x^{6} \sin{\left(6 x \right)}}{27} - \frac{7 x^{5} \cos{\left(6 x \right)}}{27} + \frac{35 x^{4} \sin{\left(6 x \right)}}{162} + \frac{35 x^{3} \cos{\left(6 x \right)}}{243} - \frac{35 x^{2} \sin{\left(6 x \right)}}{486} - \frac{35 x \cos{\left(6 x \right)}}{1458} + \frac{35 \sin{\left(6 x \right)}}{8748}
IBP_n08_cos_b10_08,8,cos,10,"Evaluate the indefinite integral.

\int x^{8} \cos(10x)\,dx

Show all steps. Give the antiderivative (omit the constant of integration) inside \boxed{}.",\frac{x^{8} \sin{\left(10 x \right)}}{10} + \frac{2 x^{7} \cos{\left(10 x \right)}}{25} - \frac{7 x^{6} \sin{\left(10 x \right)}}{125} - \frac{21 x^{5} \cos{\left(10 x \right)}}{625} + \frac{21 x^{4} \sin{\left(10 x \right)}}{1250} + \frac{21 x^{3} \cos{\left(10 x \right)}}{3125} - \frac{63 x^{2} \sin{\left(10 x \right)}}{31250} - \frac{63 x \cos{\left(10 x \right)}}{156250} + \frac{63 \sin{\left(10 x \right)}}{1562500}
IBP_n08_cos_b01_09,8,cos,1,"Evaluate the indefinite integral.

\int x^{8} \cos(x)\,dx

Show all steps. Give the antiderivative (omit the constant of integration) inside \boxed{}.",x^{8} \sin{\left(x \right)} + 8 x^{7} \cos{\left(x \right)} - 56 x^{6} \sin{\left(x \right)} - 336 x^{5} \cos{\left(x \right)} + 1680 x^{4} \sin{\left(x \right)} + 6720 x^{3} \cos{\left(x \right)} - 20160 x^{2} \sin{\left(x \right)} - 40320 x \cos{\left(x \right)} + 40320 \sin{\left(x \right)}
IBP_n09_sin_b04_00,9,sin,4,"Evaluate the indefinite integral.

\int x^{9} \sin(4x)\,dx

Show all steps. Give the antiderivative (omit the constant of integration) inside \boxed{}.",- \frac{x^{9} \cos{\left(4 x \right)}}{4} + \frac{9 x^{8} \sin{\left(4 x \right)}}{16} + \frac{9 x^{7} \cos{\left(4 x \right)}}{8} - \frac{63 x^{6} \sin{\left(4 x \right)}}{32} - \frac{189 x^{5} \cos{\left(4 x \right)}}{64} + \frac{945 x^{4} \sin{\left(4 x \right)}}{256} + \frac{945 x^{3} \cos{\left(4 x \right)}}{256} - \frac{2835 x^{2} \sin{\left(4 x \right)}}{1024} - \frac{2835 x \cos{\left(4 x \right)}}{2048} + \frac{2835 \sin{\left(4 x \right)}}{8192}
IBP_n09_sin_b10_01,9,sin,10,"Evaluate the indefinite integral.

\int x^{9} \sin(10x)\,dx

Show all steps. Give the antiderivative (omit the constant of integration) inside \boxed{}.",- \frac{x^{9} \cos{\left(10 x \right)}}{10} + \frac{9 x^{8} \sin{\left(10 x \right)}}{100} + \frac{9 x^{7} \cos{\left(10 x \right)}}{125} - \frac{63 x^{6} \sin{\left(10 x \right)}}{1250} - \frac{189 x^{5} \cos{\left(10 x \right)}}{6250} + \frac{189 x^{4} \sin{\left(10 x \right)}}{12500} + \frac{189 x^{3} \cos{\left(10 x \right)}}{31250} - \frac{567 x^{2} \sin{\left(10 x \right)}}{312500} - \frac{567 x \cos{\left(10 x \right)}}{1562500} + \frac{567 \sin{\left(10 x \right)}}{15625000}
IBP_n09_sin_b02_02,9,sin,2,"Evaluate the indefinite integral.

\int x^{9} \sin(2x)\,dx

Show all steps. Give the antiderivative (omit the constant of integration) inside \boxed{}.",- \frac{x^{9} \cos{\left(2 x \right)}}{2} + \frac{9 x^{8} \sin{\left(2 x \right)}}{4} + 9 x^{7} \cos{\left(2 x \right)} - \frac{63 x^{6} \sin{\left(2 x \right)}}{2} - \frac{189 x^{5} \cos{\left(2 x \right)}}{2} + \frac{945 x^{4} \sin{\left(2 x \right)}}{4} + \frac{945 x^{3} \cos{\left(2 x \right)}}{2} - \frac{2835 x^{2} \sin{\left(2 x \right)}}{4} - \frac{2835 x \cos{\left(2 x \right)}}{4} + \frac{2835 \sin{\left(2 x \right)}}{8}
IBP_n09_sin_b09_03,9,sin,9,"Evaluate the indefinite integral.

\int x^{9} \sin(9x)\,dx

Show all steps. Give the antiderivative (omit the constant of integration) inside \boxed{}.",- \frac{x^{9} \cos{\left(9 x \right)}}{9} + \frac{x^{8} \sin{\left(9 x \right)}}{9} + \frac{8 x^{7} \cos{\left(9 x \right)}}{81} - \frac{56 x^{6} \sin{\left(9 x \right)}}{729} - \frac{112 x^{5} \cos{\left(9 x \right)}}{2187} + \frac{560 x^{4} \sin{\left(9 x \right)}}{19683} + \frac{2240 x^{3} \cos{\left(9 x \right)}}{177147} - \frac{2240 x^{2} \sin{\left(9 x \right)}}{531441} - \frac{4480 x \cos{\left(9 x \right)}}{4782969} + \frac{4480 \sin{\left(9 x \right)}}{43046721}
IBP_n09_sin_b08_04,9,sin,8,"Evaluate the indefinite integral.

\int x^{9} \sin(8x)\,dx

Show all steps. Give the antiderivative (omit the constant of integration) inside \boxed{}.",- \frac{x^{9} \cos{\left(8 x \right)}}{8} + \frac{9 x^{8} \sin{\left(8 x \right)}}{64} + \frac{9 x^{7} \cos{\left(8 x \right)}}{64} - \frac{63 x^{6} \sin{\left(8 x \right)}}{512} - \frac{189 x^{5} \cos{\left(8 x \right)}}{2048} + \frac{945 x^{4} \sin{\left(8 x \right)}}{16384} + \frac{945 x^{3} \cos{\left(8 x \right)}}{32768} - \frac{2835 x^{2} \sin{\left(8 x \right)}}{262144} - \frac{2835 x \cos{\left(8 x \right)}}{1048576} + \frac{2835 \sin{\left(8 x \right)}}{8388608}
IBP_n09_sin_b07_05,9,sin,7,"Evaluate the indefinite integral.

\int x^{9} \sin(7x)\,dx

Show all steps. Give the antiderivative (omit the constant of integration) inside \boxed{}.",- \frac{x^{9} \cos{\left(7 x \right)}}{7} + \frac{9 x^{8} \sin{\left(7 x \right)}}{49} + \frac{72 x^{7} \cos{\left(7 x \right)}}{343} - \frac{72 x^{6} \sin{\left(7 x \right)}}{343} - \frac{432 x^{5} \cos{\left(7 x \right)}}{2401} + \frac{2160 x^{4} \sin{\left(7 x \right)}}{16807} + \frac{8640 x^{3} \cos{\left(7 x \right)}}{117649} - \frac{25920 x^{2} \sin{\left(7 x \right)}}{823543} - \frac{51840 x \cos{\left(7 x \right)}}{5764801} + \frac{51840 \sin{\left(7 x \right)}}{40353607}
IBP_n09_sin_b05_06,9,sin,5,"Evaluate the indefinite integral.

\int x^{9} \sin(5x)\,dx

Show all steps. Give the antiderivative (omit the constant of integration) inside \boxed{}.",- \frac{x^{9} \cos{\left(5 x \right)}}{5} + \frac{9 x^{8} \sin{\left(5 x \right)}}{25} + \frac{72 x^{7} \cos{\left(5 x \right)}}{125} - \frac{504 x^{6} \sin{\left(5 x \right)}}{625} - \frac{3024 x^{5} \cos{\left(5 x \right)}}{3125} + \frac{3024 x^{4} \sin{\left(5 x \right)}}{3125} + \frac{12096 x^{3} \cos{\left(5 x \right)}}{15625} - \frac{36288 x^{2} \sin{\left(5 x \right)}}{78125} - \frac{72576 x \cos{\left(5 x \right)}}{390625} + \frac{72576 \sin{\left(5 x \right)}}{1953125}
IBP_n09_sin_b03_07,9,sin,3,"Evaluate the indefinite integral.

\int x^{9} \sin(3x)\,dx

Show all steps. Give the antiderivative (omit the constant of integration) inside \boxed{}.",- \frac{x^{9} \cos{\left(3 x \right)}}{3} + x^{8} \sin{\left(3 x \right)} + \frac{8 x^{7} \cos{\left(3 x \right)}}{3} - \frac{56 x^{6} \sin{\left(3 x \right)}}{9} - \frac{112 x^{5} \cos{\left(3 x \right)}}{9} + \frac{560 x^{4} \sin{\left(3 x \right)}}{27} + \frac{2240 x^{3} \cos{\left(3 x \right)}}{81} - \frac{2240 x^{2} \sin{\left(3 x \right)}}{81} - \frac{4480 x \cos{\left(3 x \right)}}{243} + \frac{4480 \sin{\left(3 x \right)}}{729}
IBP_n09_sin_b06_08,9,sin,6,"Evaluate the indefinite integral.

\int x^{9} \sin(6x)\,dx

Show all steps. Give the antiderivative (omit the constant of integration) inside \boxed{}.",- \frac{x^{9} \cos{\left(6 x \right)}}{6} + \frac{x^{8} \sin{\left(6 x \right)}}{4} + \frac{x^{7} \cos{\left(6 x \right)}}{3} - \frac{7 x^{6} \sin{\left(6 x \right)}}{18} - \frac{7 x^{5} \cos{\left(6 x \right)}}{18} + \frac{35 x^{4} \sin{\left(6 x \right)}}{108} + \frac{35 x^{3} \cos{\left(6 x \right)}}{162} - \frac{35 x^{2} \sin{\left(6 x \right)}}{324} - \frac{35 x \cos{\left(6 x \right)}}{972} + \frac{35 \sin{\left(6 x \right)}}{5832}
IBP_n09_sin_b01_09,9,sin,1,"Evaluate the indefinite integral.

\int x^{9} \sin(x)\,dx

Show all steps. Give the antiderivative (omit the constant of integration) inside \boxed{}.",- x^{9} \cos{\left(x \right)} + 9 x^{8} \sin{\left(x \right)} + 72 x^{7} \cos{\left(x \right)} - 504 x^{6} \sin{\left(x \right)} - 3024 x^{5} \cos{\left(x \right)} + 15120 x^{4} \sin{\left(x \right)} + 60480 x^{3} \cos{\left(x \right)} - 181440 x^{2} \sin{\left(x \right)} - 362880 x \cos{\left(x \right)} + 362880 \sin{\left(x \right)}
IBP_n09_cos_b01_00,9,cos,1,"Evaluate the indefinite integral.

\int x^{9} \cos(x)\,dx

Show all steps. Give the antiderivative (omit the constant of integration) inside \boxed{}.",x^{9} \sin{\left(x \right)} + 9 x^{8} \cos{\left(x \right)} - 72 x^{7} \sin{\left(x \right)} - 504 x^{6} \cos{\left(x \right)} + 3024 x^{5} \sin{\left(x \right)} + 15120 x^{4} \cos{\left(x \right)} - 60480 x^{3} \sin{\left(x \right)} - 181440 x^{2} \cos{\left(x \right)} + 362880 x \sin{\left(x \right)} + 362880 \cos{\left(x \right)}
IBP_n09_cos_b03_01,9,cos,3,"Evaluate the indefinite integral.

\int x^{9} \cos(3x)\,dx

Show all steps. Give the antiderivative (omit the constant of integration) inside \boxed{}.",\frac{x^{9} \sin{\left(3 x \right)}}{3} + x^{8} \cos{\left(3 x \right)} - \frac{8 x^{7} \sin{\left(3 x \right)}}{3} - \frac{56 x^{6} \cos{\left(3 x \right)}}{9} + \frac{112 x^{5} \sin{\left(3 x \right)}}{9} + \frac{560 x^{4} \cos{\left(3 x \right)}}{27} - \frac{2240 x^{3} \sin{\left(3 x \right)}}{81} - \frac{2240 x^{2} \cos{\left(3 x \right)}}{81} + \frac{4480 x \sin{\left(3 x \right)}}{243} + \frac{4480 \cos{\left(3 x \right)}}{729}
IBP_n09_cos_b07_02,9,cos,7,"Evaluate the indefinite integral.

\int x^{9} \cos(7x)\,dx

Show all steps. Give the antiderivative (omit the constant of integration) inside \boxed{}.",\frac{x^{9} \sin{\left(7 x \right)}}{7} + \frac{9 x^{8} \cos{\left(7 x \right)}}{49} - \frac{72 x^{7} \sin{\left(7 x \right)}}{343} - \frac{72 x^{6} \cos{\left(7 x \right)}}{343} + \frac{432 x^{5} \sin{\left(7 x \right)}}{2401} + \frac{2160 x^{4} \cos{\left(7 x \right)}}{16807} - \frac{8640 x^{3} \sin{\left(7 x \right)}}{117649} - \frac{25920 x^{2} \cos{\left(7 x \right)}}{823543} + \frac{51840 x \sin{\left(7 x \right)}}{5764801} + \frac{51840 \cos{\left(7 x \right)}}{40353607}
IBP_n09_cos_b05_03,9,cos,5,"Evaluate the indefinite integral.

\int x^{9} \cos(5x)\,dx

Show all steps. Give the antiderivative (omit the constant of integration) inside \boxed{}.",\frac{x^{9} \sin{\left(5 x \right)}}{5} + \frac{9 x^{8} \cos{\left(5 x \right)}}{25} - \frac{72 x^{7} \sin{\left(5 x \right)}}{125} - \frac{504 x^{6} \cos{\left(5 x \right)}}{625} + \frac{3024 x^{5} \sin{\left(5 x \right)}}{3125} + \frac{3024 x^{4} \cos{\left(5 x \right)}}{3125} - \frac{12096 x^{3} \sin{\left(5 x \right)}}{15625} - \frac{36288 x^{2} \cos{\left(5 x \right)}}{78125} + \frac{72576 x \sin{\left(5 x \right)}}{390625} + \frac{72576 \cos{\left(5 x \right)}}{1953125}
IBP_n09_cos_b04_04,9,cos,4,"Evaluate the indefinite integral.

\int x^{9} \cos(4x)\,dx

Show all steps. Give the antiderivative (omit the constant of integration) inside \boxed{}.",\frac{x^{9} \sin{\left(4 x \right)}}{4} + \frac{9 x^{8} \cos{\left(4 x \right)}}{16} - \frac{9 x^{7} \sin{\left(4 x \right)}}{8} - \frac{63 x^{6} \cos{\left(4 x \right)}}{32} + \frac{189 x^{5} \sin{\left(4 x \right)}}{64} + \frac{945 x^{4} \cos{\left(4 x \right)}}{256} - \frac{945 x^{3} \sin{\left(4 x \right)}}{256} - \frac{2835 x^{2} \cos{\left(4 x \right)}}{1024} + \frac{2835 x \sin{\left(4 x \right)}}{2048} + \frac{2835 \cos{\left(4 x \right)}}{8192}
IBP_n09_cos_b09_05,9,cos,9,"Evaluate the indefinite integral.

\int x^{9} \cos(9x)\,dx

Show all steps. Give the antiderivative (omit the constant of integration) inside \boxed{}.",\frac{x^{9} \sin{\left(9 x \right)}}{9} + \frac{x^{8} \cos{\left(9 x \right)}}{9} - \frac{8 x^{7} \sin{\left(9 x \right)}}{81} - \frac{56 x^{6} \cos{\left(9 x \right)}}{729} + \frac{112 x^{5} \sin{\left(9 x \right)}}{2187} + \frac{560 x^{4} \cos{\left(9 x \right)}}{19683} - \frac{2240 x^{3} \sin{\left(9 x \right)}}{177147} - \frac{2240 x^{2} \cos{\left(9 x \right)}}{531441} + \frac{4480 x \sin{\left(9 x \right)}}{4782969} + \frac{4480 \cos{\left(9 x \right)}}{43046721}
IBP_n09_cos_b06_06,9,cos,6,"Evaluate the indefinite integral.

\int x^{9} \cos(6x)\,dx

Show all steps. Give the antiderivative (omit the constant of integration) inside \boxed{}.",\frac{x^{9} \sin{\left(6 x \right)}}{6} + \frac{x^{8} \cos{\left(6 x \right)}}{4} - \frac{x^{7} \sin{\left(6 x \right)}}{3} - \frac{7 x^{6} \cos{\left(6 x \right)}}{18} + \frac{7 x^{5} \sin{\left(6 x \right)}}{18} + \frac{35 x^{4} \cos{\left(6 x \right)}}{108} - \frac{35 x^{3} \sin{\left(6 x \right)}}{162} - \frac{35 x^{2} \cos{\left(6 x \right)}}{324} + \frac{35 x \sin{\left(6 x \right)}}{972} + \frac{35 \cos{\left(6 x \right)}}{5832}
IBP_n09_cos_b02_07,9,cos,2,"Evaluate the indefinite integral.

\int x^{9} \cos(2x)\,dx

Show all steps. Give the antiderivative (omit the constant of integration) inside \boxed{}.",\frac{x^{9} \sin{\left(2 x \right)}}{2} + \frac{9 x^{8} \cos{\left(2 x \right)}}{4} - 9 x^{7} \sin{\left(2 x \right)} - \frac{63 x^{6} \cos{\left(2 x \right)}}{2} + \frac{189 x^{5} \sin{\left(2 x \right)}}{2} + \frac{945 x^{4} \cos{\left(2 x \right)}}{4} - \frac{945 x^{3} \sin{\left(2 x \right)}}{2} - \frac{2835 x^{2} \cos{\left(2 x \right)}}{4} + \frac{2835 x \sin{\left(2 x \right)}}{4} + \frac{2835 \cos{\left(2 x \right)}}{8}
IBP_n09_cos_b10_08,9,cos,10,"Evaluate the indefinite integral.

\int x^{9} \cos(10x)\,dx

Show all steps. Give the antiderivative (omit the constant of integration) inside \boxed{}.",\frac{x^{9} \sin{\left(10 x \right)}}{10} + \frac{9 x^{8} \cos{\left(10 x \right)}}{100} - \frac{9 x^{7} \sin{\left(10 x \right)}}{125} - \frac{63 x^{6} \cos{\left(10 x \right)}}{1250} + \frac{189 x^{5} \sin{\left(10 x \right)}}{6250} + \frac{189 x^{4} \cos{\left(10 x \right)}}{12500} - \frac{189 x^{3} \sin{\left(10 x \right)}}{31250} - \frac{567 x^{2} \cos{\left(10 x \right)}}{312500} + \frac{567 x \sin{\left(10 x \right)}}{1562500} + \frac{567 \cos{\left(10 x \right)}}{15625000}
IBP_n09_cos_b08_09,9,cos,8,"Evaluate the indefinite integral.

\int x^{9} \cos(8x)\,dx

Show all steps. Give the antiderivative (omit the constant of integration) inside \boxed{}.",\frac{x^{9} \sin{\left(8 x \right)}}{8} + \frac{9 x^{8} \cos{\left(8 x \right)}}{64} - \frac{9 x^{7} \sin{\left(8 x \right)}}{64} - \frac{63 x^{6} \cos{\left(8 x \right)}}{512} + \frac{189 x^{5} \sin{\left(8 x \right)}}{2048} + \frac{945 x^{4} \cos{\left(8 x \right)}}{16384} - \frac{945 x^{3} \sin{\left(8 x \right)}}{32768} - \frac{2835 x^{2} \cos{\left(8 x \right)}}{262144} + \frac{2835 x \sin{\left(8 x \right)}}{1048576} + \frac{2835 \cos{\left(8 x \right)}}{8388608}
IBP_n10_sin_b10_00,10,sin,10,"Evaluate the indefinite integral.

\int x^{10} \sin(10x)\,dx

Show all steps. Give the antiderivative (omit the constant of integration) inside \boxed{}.",- \frac{x^{10} \cos{\left(10 x \right)}}{10} + \frac{x^{9} \sin{\left(10 x \right)}}{10} + \frac{9 x^{8} \cos{\left(10 x \right)}}{100} - \frac{9 x^{7} \sin{\left(10 x \right)}}{125} - \frac{63 x^{6} \cos{\left(10 x \right)}}{1250} + \frac{189 x^{5} \sin{\left(10 x \right)}}{6250} + \frac{189 x^{4} \cos{\left(10 x \right)}}{12500} - \frac{189 x^{3} \sin{\left(10 x \right)}}{31250} - \frac{567 x^{2} \cos{\left(10 x \right)}}{312500} + \frac{567 x \sin{\left(10 x \right)}}{1562500} + \frac{567 \cos{\left(10 x \right)}}{15625000}
IBP_n10_sin_b09_01,10,sin,9,"Evaluate the indefinite integral.

\int x^{10} \sin(9x)\,dx

Show all steps. Give the antiderivative (omit the constant of integration) inside \boxed{}.",- \frac{x^{10} \cos{\left(9 x \right)}}{9} + \frac{10 x^{9} \sin{\left(9 x \right)}}{81} + \frac{10 x^{8} \cos{\left(9 x \right)}}{81} - \frac{80 x^{7} \sin{\left(9 x \right)}}{729} - \frac{560 x^{6} \cos{\left(9 x \right)}}{6561} + \frac{1120 x^{5} \sin{\left(9 x \right)}}{19683} + \frac{5600 x^{4} \cos{\left(9 x \right)}}{177147} - \frac{22400 x^{3} \sin{\left(9 x \right)}}{1594323} - \frac{22400 x^{2} \cos{\left(9 x \right)}}{4782969} + \frac{44800 x \sin{\left(9 x \right)}}{43046721} + \frac{44800 \cos{\left(9 x \right)}}{387420489}
IBP_n10_sin_b06_02,10,sin,6,"Evaluate the indefinite integral.

\int x^{10} \sin(6x)\,dx

Show all steps. Give the antiderivative (omit the constant of integration) inside \boxed{}.",- \frac{x^{10} \cos{\left(6 x \right)}}{6} + \frac{5 x^{9} \sin{\left(6 x \right)}}{18} + \frac{5 x^{8} \cos{\left(6 x \right)}}{12} - \frac{5 x^{7} \sin{\left(6 x \right)}}{9} - \frac{35 x^{6} \cos{\left(6 x \right)}}{54} + \frac{35 x^{5} \sin{\left(6 x \right)}}{54} + \frac{175 x^{4} \cos{\left(6 x \right)}}{324} - \frac{175 x^{3} \sin{\left(6 x \right)}}{486} - \frac{175 x^{2} \cos{\left(6 x \right)}}{972} + \frac{175 x \sin{\left(6 x \right)}}{2916} + \frac{175 \cos{\left(6 x \right)}}{17496}
IBP_n10_sin_b03_03,10,sin,3,"Evaluate the indefinite integral.

\int x^{10} \sin(3x)\,dx

Show all steps. Give the antiderivative (omit the constant of integration) inside \boxed{}.",- \frac{x^{10} \cos{\left(3 x \right)}}{3} + \frac{10 x^{9} \sin{\left(3 x \right)}}{9} + \frac{10 x^{8} \cos{\left(3 x \right)}}{3} - \frac{80 x^{7} \sin{\left(3 x \right)}}{9} - \frac{560 x^{6} \cos{\left(3 x \right)}}{27} + \frac{1120 x^{5} \sin{\left(3 x \right)}}{27} + \frac{5600 x^{4} \cos{\left(3 x \right)}}{81} - \frac{22400 x^{3} \sin{\left(3 x \right)}}{243} - \frac{22400 x^{2} \cos{\left(3 x \right)}}{243} + \frac{44800 x \sin{\left(3 x \right)}}{729} + \frac{44800 \cos{\left(3 x \right)}}{2187}
IBP_n10_sin_b02_04,10,sin,2,"Evaluate the indefinite integral.

\int x^{10} \sin(2x)\,dx

Show all steps. Give the antiderivative (omit the constant of integration) inside \boxed{}.",- \frac{x^{10} \cos{\left(2 x \right)}}{2} + \frac{5 x^{9} \sin{\left(2 x \right)}}{2} + \frac{45 x^{8} \cos{\left(2 x \right)}}{4} - 45 x^{7} \sin{\left(2 x \right)} - \frac{315 x^{6} \cos{\left(2 x \right)}}{2} + \frac{945 x^{5} \sin{\left(2 x \right)}}{2} + \frac{4725 x^{4} \cos{\left(2 x \right)}}{4} - \frac{4725 x^{3} \sin{\left(2 x \right)}}{2} - \frac{14175 x^{2} \cos{\left(2 x \right)}}{4} + \frac{14175 x \sin{\left(2 x \right)}}{4} + \frac{14175 \cos{\left(2 x \right)}}{8}
IBP_n10_sin_b08_05,10,sin,8,"Evaluate the indefinite integral.

\int x^{10} \sin(8x)\,dx

Show all steps. Give the antiderivative (omit the constant of integration) inside \boxed{}.",- \frac{x^{10} \cos{\left(8 x \right)}}{8} + \frac{5 x^{9} \sin{\left(8 x \right)}}{32} + \frac{45 x^{8} \cos{\left(8 x \right)}}{256} - \frac{45 x^{7} \sin{\left(8 x \right)}}{256} - \frac{315 x^{6} \cos{\left(8 x \right)}}{2048} + \frac{945 x^{5} \sin{\left(8 x \right)}}{8192} + \frac{4725 x^{4} \cos{\left(8 x \right)}}{65536} - \frac{4725 x^{3} \sin{\left(8 x \right)}}{131072} - \frac{14175 x^{2} \cos{\left(8 x \right)}}{1048576} + \frac{14175 x \sin{\left(8 x \right)}}{4194304} + \frac{14175 \cos{\left(8 x \right)}}{33554432}
IBP_n10_sin_b05_06,10,sin,5,"Evaluate the indefinite integral.

\int x^{10} \sin(5x)\,dx

Show all steps. Give the antiderivative (omit the constant of integration) inside \boxed{}.",- \frac{x^{10} \cos{\left(5 x \right)}}{5} + \frac{2 x^{9} \sin{\left(5 x \right)}}{5} + \frac{18 x^{8} \cos{\left(5 x \right)}}{25} - \frac{144 x^{7} \sin{\left(5 x \right)}}{125} - \frac{1008 x^{6} \cos{\left(5 x \right)}}{625} + \frac{6048 x^{5} \sin{\left(5 x \right)}}{3125} + \frac{6048 x^{4} \cos{\left(5 x \right)}}{3125} - \frac{24192 x^{3} \sin{\left(5 x \right)}}{15625} - \frac{72576 x^{2} \cos{\left(5 x \right)}}{78125} + \frac{145152 x \sin{\left(5 x \right)}}{390625} + \frac{145152 \cos{\left(5 x \right)}}{1953125}
IBP_n10_sin_b01_07,10,sin,1,"Evaluate the indefinite integral.

\int x^{10} \sin(x)\,dx

Show all steps. Give the antiderivative (omit the constant of integration) inside \boxed{}.",- x^{10} \cos{\left(x \right)} + 10 x^{9} \sin{\left(x \right)} + 90 x^{8} \cos{\left(x \right)} - 720 x^{7} \sin{\left(x \right)} - 5040 x^{6} \cos{\left(x \right)} + 30240 x^{5} \sin{\left(x \right)} + 151200 x^{4} \cos{\left(x \right)} - 604800 x^{3} \sin{\left(x \right)} - 1814400 x^{2} \cos{\left(x \right)} + 3628800 x \sin{\left(x \right)} + 3628800 \cos{\left(x \right)}
IBP_n10_sin_b04_08,10,sin,4,"Evaluate the indefinite integral.

\int x^{10} \sin(4x)\,dx

Show all steps. Give the antiderivative (omit the constant of integration) inside \boxed{}.",- \frac{x^{10} \cos{\left(4 x \right)}}{4} + \frac{5 x^{9} \sin{\left(4 x \right)}}{8} + \frac{45 x^{8} \cos{\left(4 x \right)}}{32} - \frac{45 x^{7} \sin{\left(4 x \right)}}{16} - \frac{315 x^{6} \cos{\left(4 x \right)}}{64} + \frac{945 x^{5} \sin{\left(4 x \right)}}{128} + \frac{4725 x^{4} \cos{\left(4 x \right)}}{512} - \frac{4725 x^{3} \sin{\left(4 x \right)}}{512} - \frac{14175 x^{2} \cos{\left(4 x \right)}}{2048} + \frac{14175 x \sin{\left(4 x \right)}}{4096} + \frac{14175 \cos{\left(4 x \right)}}{16384}
IBP_n10_sin_b07_09,10,sin,7,"Evaluate the indefinite integral.

\int x^{10} \sin(7x)\,dx

Show all steps. Give the antiderivative (omit the constant of integration) inside \boxed{}.",- \frac{x^{10} \cos{\left(7 x \right)}}{7} + \frac{10 x^{9} \sin{\left(7 x \right)}}{49} + \frac{90 x^{8} \cos{\left(7 x \right)}}{343} - \frac{720 x^{7} \sin{\left(7 x \right)}}{2401} - \frac{720 x^{6} \cos{\left(7 x \right)}}{2401} + \frac{4320 x^{5} \sin{\left(7 x \right)}}{16807} + \frac{21600 x^{4} \cos{\left(7 x \right)}}{117649} - \frac{86400 x^{3} \sin{\left(7 x \right)}}{823543} - \frac{259200 x^{2} \cos{\left(7 x \right)}}{5764801} + \frac{518400 x \sin{\left(7 x \right)}}{40353607} + \frac{518400 \cos{\left(7 x \right)}}{282475249}
IBP_n10_cos_b09_00,10,cos,9,"Evaluate the indefinite integral.

\int x^{10} \cos(9x)\,dx

Show all steps. Give the antiderivative (omit the constant of integration) inside \boxed{}.",\frac{x^{10} \sin{\left(9 x \right)}}{9} + \frac{10 x^{9} \cos{\left(9 x \right)}}{81} - \frac{10 x^{8} \sin{\left(9 x \right)}}{81} - \frac{80 x^{7} \cos{\left(9 x \right)}}{729} + \frac{560 x^{6} \sin{\left(9 x \right)}}{6561} + \frac{1120 x^{5} \cos{\left(9 x \right)}}{19683} - \frac{5600 x^{4} \sin{\left(9 x \right)}}{177147} - \frac{22400 x^{3} \cos{\left(9 x \right)}}{1594323} + \frac{22400 x^{2} \sin{\left(9 x \right)}}{4782969} + \frac{44800 x \cos{\left(9 x \right)}}{43046721} - \frac{44800 \sin{\left(9 x \right)}}{387420489}
IBP_n10_cos_b10_01,10,cos,10,"Evaluate the indefinite integral.

\int x^{10} \cos(10x)\,dx

Show all steps. Give the antiderivative (omit the constant of integration) inside \boxed{}.",\frac{x^{10} \sin{\left(10 x \right)}}{10} + \frac{x^{9} \cos{\left(10 x \right)}}{10} - \frac{9 x^{8} \sin{\left(10 x \right)}}{100} - \frac{9 x^{7} \cos{\left(10 x \right)}}{125} + \frac{63 x^{6} \sin{\left(10 x \right)}}{1250} + \frac{189 x^{5} \cos{\left(10 x \right)}}{6250} - \frac{189 x^{4} \sin{\left(10 x \right)}}{12500} - \frac{189 x^{3} \cos{\left(10 x \right)}}{31250} + \frac{567 x^{2} \sin{\left(10 x \right)}}{312500} + \frac{567 x \cos{\left(10 x \right)}}{1562500} - \frac{567 \sin{\left(10 x \right)}}{15625000}
IBP_n10_cos_b07_02,10,cos,7,"Evaluate the indefinite integral.

\int x^{10} \cos(7x)\,dx

Show all steps. Give the antiderivative (omit the constant of integration) inside \boxed{}.",\frac{x^{10} \sin{\left(7 x \right)}}{7} + \frac{10 x^{9} \cos{\left(7 x \right)}}{49} - \frac{90 x^{8} \sin{\left(7 x \right)}}{343} - \frac{720 x^{7} \cos{\left(7 x \right)}}{2401} + \frac{720 x^{6} \sin{\left(7 x \right)}}{2401} + \frac{4320 x^{5} \cos{\left(7 x \right)}}{16807} - \frac{21600 x^{4} \sin{\left(7 x \right)}}{117649} - \frac{86400 x^{3} \cos{\left(7 x \right)}}{823543} + \frac{259200 x^{2} \sin{\left(7 x \right)}}{5764801} + \frac{518400 x \cos{\left(7 x \right)}}{40353607} - \frac{518400 \sin{\left(7 x \right)}}{282475249}
IBP_n10_cos_b06_03,10,cos,6,"Evaluate the indefinite integral.

\int x^{10} \cos(6x)\,dx

Show all steps. Give the antiderivative (omit the constant of integration) inside \boxed{}.",\frac{x^{10} \sin{\left(6 x \right)}}{6} + \frac{5 x^{9} \cos{\left(6 x \right)}}{18} - \frac{5 x^{8} \sin{\left(6 x \right)}}{12} - \frac{5 x^{7} \cos{\left(6 x \right)}}{9} + \frac{35 x^{6} \sin{\left(6 x \right)}}{54} + \frac{35 x^{5} \cos{\left(6 x \right)}}{54} - \frac{175 x^{4} \sin{\left(6 x \right)}}{324} - \frac{175 x^{3} \cos{\left(6 x \right)}}{486} + \frac{175 x^{2} \sin{\left(6 x \right)}}{972} + \frac{175 x \cos{\left(6 x \right)}}{2916} - \frac{175 \sin{\left(6 x \right)}}{17496}
IBP_n10_cos_b01_04,10,cos,1,"Evaluate the indefinite integral.

\int x^{10} \cos(x)\,dx

Show all steps. Give the antiderivative (omit the constant of integration) inside \boxed{}.",x^{10} \sin{\left(x \right)} + 10 x^{9} \cos{\left(x \right)} - 90 x^{8} \sin{\left(x \right)} - 720 x^{7} \cos{\left(x \right)} + 5040 x^{6} \sin{\left(x \right)} + 30240 x^{5} \cos{\left(x \right)} - 151200 x^{4} \sin{\left(x \right)} - 604800 x^{3} \cos{\left(x \right)} + 1814400 x^{2} \sin{\left(x \right)} + 3628800 x \cos{\left(x \right)} - 3628800 \sin{\left(x \right)}
IBP_n10_cos_b03_05,10,cos,3,"Evaluate the indefinite integral.

\int x^{10} \cos(3x)\,dx

Show all steps. Give the antiderivative (omit the constant of integration) inside \boxed{}.",\frac{x^{10} \sin{\left(3 x \right)}}{3} + \frac{10 x^{9} \cos{\left(3 x \right)}}{9} - \frac{10 x^{8} \sin{\left(3 x \right)}}{3} - \frac{80 x^{7} \cos{\left(3 x \right)}}{9} + \frac{560 x^{6} \sin{\left(3 x \right)}}{27} + \frac{1120 x^{5} \cos{\left(3 x \right)}}{27} - \frac{5600 x^{4} \sin{\left(3 x \right)}}{81} - \frac{22400 x^{3} \cos{\left(3 x \right)}}{243} + \frac{22400 x^{2} \sin{\left(3 x \right)}}{243} + \frac{44800 x \cos{\left(3 x \right)}}{729} - \frac{44800 \sin{\left(3 x \right)}}{2187}
IBP_n10_cos_b08_06,10,cos,8,"Evaluate the indefinite integral.

\int x^{10} \cos(8x)\,dx

Show all steps. Give the antiderivative (omit the constant of integration) inside \boxed{}.",\frac{x^{10} \sin{\left(8 x \right)}}{8} + \frac{5 x^{9} \cos{\left(8 x \right)}}{32} - \frac{45 x^{8} \sin{\left(8 x \right)}}{256} - \frac{45 x^{7} \cos{\left(8 x \right)}}{256} + \frac{315 x^{6} \sin{\left(8 x \right)}}{2048} + \frac{945 x^{5} \cos{\left(8 x \right)}}{8192} - \frac{4725 x^{4} \sin{\left(8 x \right)}}{65536} - \frac{4725 x^{3} \cos{\left(8 x \right)}}{131072} + \frac{14175 x^{2} \sin{\left(8 x \right)}}{1048576} + \frac{14175 x \cos{\left(8 x \right)}}{4194304} - \frac{14175 \sin{\left(8 x \right)}}{33554432}
IBP_n10_cos_b04_07,10,cos,4,"Evaluate the indefinite integral.

\int x^{10} \cos(4x)\,dx

Show all steps. Give the antiderivative (omit the constant of integration) inside \boxed{}.",\frac{x^{10} \sin{\left(4 x \right)}}{4} + \frac{5 x^{9} \cos{\left(4 x \right)}}{8} - \frac{45 x^{8} \sin{\left(4 x \right)}}{32} - \frac{45 x^{7} \cos{\left(4 x \right)}}{16} + \frac{315 x^{6} \sin{\left(4 x \right)}}{64} + \frac{945 x^{5} \cos{\left(4 x \right)}}{128} - \frac{4725 x^{4} \sin{\left(4 x \right)}}{512} - \frac{4725 x^{3} \cos{\left(4 x \right)}}{512} + \frac{14175 x^{2} \sin{\left(4 x \right)}}{2048} + \frac{14175 x \cos{\left(4 x \right)}}{4096} - \frac{14175 \sin{\left(4 x \right)}}{16384}
IBP_n10_cos_b02_08,10,cos,2,"Evaluate the indefinite integral.

\int x^{10} \cos(2x)\,dx

Show all steps. Give the antiderivative (omit the constant of integration) inside \boxed{}.",\frac{x^{10} \sin{\left(2 x \right)}}{2} + \frac{5 x^{9} \cos{\left(2 x \right)}}{2} - \frac{45 x^{8} \sin{\left(2 x \right)}}{4} - 45 x^{7} \cos{\left(2 x \right)} + \frac{315 x^{6} \sin{\left(2 x \right)}}{2} + \frac{945 x^{5} \cos{\left(2 x \right)}}{2} - \frac{4725 x^{4} \sin{\left(2 x \right)}}{4} - \frac{4725 x^{3} \cos{\left(2 x \right)}}{2} + \frac{14175 x^{2} \sin{\left(2 x \right)}}{4} + \frac{14175 x \cos{\left(2 x \right)}}{4} - \frac{14175 \sin{\left(2 x \right)}}{8}
IBP_n10_cos_b05_09,10,cos,5,"Evaluate the indefinite integral.

\int x^{10} \cos(5x)\,dx

Show all steps. Give the antiderivative (omit the constant of integration) inside \boxed{}.",\frac{x^{10} \sin{\left(5 x \right)}}{5} + \frac{2 x^{9} \cos{\left(5 x \right)}}{5} - \frac{18 x^{8} \sin{\left(5 x \right)}}{25} - \frac{144 x^{7} \cos{\left(5 x \right)}}{125} + \frac{1008 x^{6} \sin{\left(5 x \right)}}{625} + \frac{6048 x^{5} \cos{\left(5 x \right)}}{3125} - \frac{6048 x^{4} \sin{\left(5 x \right)}}{3125} - \frac{24192 x^{3} \cos{\left(5 x \right)}}{15625} + \frac{72576 x^{2} \sin{\left(5 x \right)}}{78125} + \frac{145152 x \cos{\left(5 x \right)}}{390625} - \frac{145152 \sin{\left(5 x \right)}}{1953125}
IBP_n11_sin_b04_00,11,sin,4,"Evaluate the indefinite integral.

\int x^{11} \sin(4x)\,dx

Show all steps. Give the antiderivative (omit the constant of integration) inside \boxed{}.",- \frac{x^{11} \cos{\left(4 x \right)}}{4} + \frac{11 x^{10} \sin{\left(4 x \right)}}{16} + \frac{55 x^{9} \cos{\left(4 x \right)}}{32} - \frac{495 x^{8} \sin{\left(4 x \right)}}{128} - \frac{495 x^{7} \cos{\left(4 x \right)}}{64} + \frac{3465 x^{6} \sin{\left(4 x \right)}}{256} + \frac{10395 x^{5} \cos{\left(4 x \right)}}{512} - \frac{51975 x^{4} \sin{\left(4 x \right)}}{2048} - \frac{51975 x^{3} \cos{\left(4 x \right)}}{2048} + \frac{155925 x^{2} \sin{\left(4 x \right)}}{8192} + \frac{155925 x \cos{\left(4 x \right)}}{16384} - \frac{155925 \sin{\left(4 x \right)}}{65536}
IBP_n11_sin_b10_01,11,sin,10,"Evaluate the indefinite integral.

\int x^{11} \sin(10x)\,dx

Show all steps. Give the antiderivative (omit the constant of integration) inside \boxed{}.",- \frac{x^{11} \cos{\left(10 x \right)}}{10} + \frac{11 x^{10} \sin{\left(10 x \right)}}{100} + \frac{11 x^{9} \cos{\left(10 x \right)}}{100} - \frac{99 x^{8} \sin{\left(10 x \right)}}{1000} - \frac{99 x^{7} \cos{\left(10 x \right)}}{1250} + \frac{693 x^{6} \sin{\left(10 x \right)}}{12500} + \frac{2079 x^{5} \cos{\left(10 x \right)}}{62500} - \frac{2079 x^{4} \sin{\left(10 x \right)}}{125000} - \frac{2079 x^{3} \cos{\left(10 x \right)}}{312500} + \frac{6237 x^{2} \sin{\left(10 x \right)}}{3125000} + \frac{6237 x \cos{\left(10 x \right)}}{15625000} - \frac{6237 \sin{\left(10 x \right)}}{156250000}
IBP_n11_sin_b07_02,11,sin,7,"Evaluate the indefinite integral.

\int x^{11} \sin(7x)\,dx

Show all steps. Give the antiderivative (omit the constant of integration) inside \boxed{}.",- \frac{x^{11} \cos{\left(7 x \right)}}{7} + \frac{11 x^{10} \sin{\left(7 x \right)}}{49} + \frac{110 x^{9} \cos{\left(7 x \right)}}{343} - \frac{990 x^{8} \sin{\left(7 x \right)}}{2401} - \frac{7920 x^{7} \cos{\left(7 x \right)}}{16807} + \frac{7920 x^{6} \sin{\left(7 x \right)}}{16807} + \frac{47520 x^{5} \cos{\left(7 x \right)}}{117649} - \frac{237600 x^{4} \sin{\left(7 x \right)}}{823543} - \frac{950400 x^{3} \cos{\left(7 x \right)}}{5764801} + \frac{2851200 x^{2} \sin{\left(7 x \right)}}{40353607} + \frac{5702400 x \cos{\left(7 x \right)}}{282475249} - \frac{5702400 \sin{\left(7 x \right)}}{1977326743}
IBP_n11_sin_b06_03,11,sin,6,"Evaluate the indefinite integral.

\int x^{11} \sin(6x)\,dx

Show all steps. Give the antiderivative (omit the constant of integration) inside \boxed{}.",- \frac{x^{11} \cos{\left(6 x \right)}}{6} + \frac{11 x^{10} \sin{\left(6 x \right)}}{36} + \frac{55 x^{9} \cos{\left(6 x \right)}}{108} - \frac{55 x^{8} \sin{\left(6 x \right)}}{72} - \frac{55 x^{7} \cos{\left(6 x \right)}}{54} + \frac{385 x^{6} \sin{\left(6 x \right)}}{324} + \frac{385 x^{5} \cos{\left(6 x \right)}}{324} - \frac{1925 x^{4} \sin{\left(6 x \right)}}{1944} - \frac{1925 x^{3} \cos{\left(6 x \right)}}{2916} + \frac{1925 x^{2} \sin{\left(6 x \right)}}{5832} + \frac{1925 x \cos{\left(6 x \right)}}{17496} - \frac{1925 \sin{\left(6 x \right)}}{104976}
IBP_n11_sin_b02_04,11,sin,2,"Evaluate the indefinite integral.

\int x^{11} \sin(2x)\,dx

Show all steps. Give the antiderivative (omit the constant of integration) inside \boxed{}.",- \frac{x^{11} \cos{\left(2 x \right)}}{2} + \frac{11 x^{10} \sin{\left(2 x \right)}}{4} + \frac{55 x^{9} \cos{\left(2 x \right)}}{4} - \frac{495 x^{8} \sin{\left(2 x \right)}}{8} - \frac{495 x^{7} \cos{\left(2 x \right)}}{2} + \frac{3465 x^{6} \sin{\left(2 x \right)}}{4} + \frac{10395 x^{5} \cos{\left(2 x \right)}}{4} - \frac{51975 x^{4} \sin{\left(2 x \right)}}{8} - \frac{51975 x^{3} \cos{\left(2 x \right)}}{4} + \frac{155925 x^{2} \sin{\left(2 x \right)}}{8} + \frac{155925 x \cos{\left(2 x \right)}}{8} - \frac{155925 \sin{\left(2 x \right)}}{16}
IBP_n11_sin_b03_05,11,sin,3,"Evaluate the indefinite integral.

\int x^{11} \sin(3x)\,dx

Show all steps. Give the antiderivative (omit the constant of integration) inside \boxed{}.",- \frac{x^{11} \cos{\left(3 x \right)}}{3} + \frac{11 x^{10} \sin{\left(3 x \right)}}{9} + \frac{110 x^{9} \cos{\left(3 x \right)}}{27} - \frac{110 x^{8} \sin{\left(3 x \right)}}{9} - \frac{880 x^{7} \cos{\left(3 x \right)}}{27} + \frac{6160 x^{6} \sin{\left(3 x \right)}}{81} + \frac{12320 x^{5} \cos{\left(3 x \right)}}{81} - \frac{61600 x^{4} \sin{\left(3 x \right)}}{243} - \frac{246400 x^{3} \cos{\left(3 x \right)}}{729} + \frac{246400 x^{2} \sin{\left(3 x \right)}}{729} + \frac{492800 x \cos{\left(3 x \right)}}{2187} - \frac{492800 \sin{\left(3 x \right)}}{6561}
IBP_n11_sin_b05_06,11,sin,5,"Evaluate the indefinite integral.

\int x^{11} \sin(5x)\,dx

Show all steps. Give the antiderivative (omit the constant of integration) inside \boxed{}.",- \frac{x^{11} \cos{\left(5 x \right)}}{5} + \frac{11 x^{10} \sin{\left(5 x \right)}}{25} + \frac{22 x^{9} \cos{\left(5 x \right)}}{25} - \frac{198 x^{8} \sin{\left(5 x \right)}}{125} - \frac{1584 x^{7} \cos{\left(5 x \right)}}{625} + \frac{11088 x^{6} \sin{\left(5 x \right)}}{3125} + \frac{66528 x^{5} \cos{\left(5 x \right)}}{15625} - \frac{66528 x^{4} \sin{\left(5 x \right)}}{15625} - \frac{266112 x^{3} \cos{\left(5 x \right)}}{78125} + \frac{798336 x^{2} \sin{\left(5 x \right)}}{390625} + \frac{1596672 x \cos{\left(5 x \right)}}{1953125} - \frac{1596672 \sin{\left(5 x \right)}}{9765625}
IBP_n11_sin_b01_07,11,sin,1,"Evaluate the indefinite integral.

\int x^{11} \sin(x)\,dx

Show all steps. Give the antiderivative (omit the constant of integration) inside \boxed{}.",- x^{11} \cos{\left(x \right)} + 11 x^{10} \sin{\left(x \right)} + 110 x^{9} \cos{\left(x \right)} - 990 x^{8} \sin{\left(x \right)} - 7920 x^{7} \cos{\left(x \right)} + 55440 x^{6} \sin{\left(x \right)} + 332640 x^{5} \cos{\left(x \right)} - 1663200 x^{4} \sin{\left(x \right)} - 6652800 x^{3} \cos{\left(x \right)} + 19958400 x^{2} \sin{\left(x \right)} + 39916800 x \cos{\left(x \right)} - 39916800 \sin{\left(x \right)}
IBP_n11_sin_b08_08,11,sin,8,"Evaluate the indefinite integral.

\int x^{11} \sin(8x)\,dx

Show all steps. Give the antiderivative (omit the constant of integration) inside \boxed{}.",- \frac{x^{11} \cos{\left(8 x \right)}}{8} + \frac{11 x^{10} \sin{\left(8 x \right)}}{64} + \frac{55 x^{9} \cos{\left(8 x \right)}}{256} - \frac{495 x^{8} \sin{\left(8 x \right)}}{2048} - \frac{495 x^{7} \cos{\left(8 x \right)}}{2048} + \frac{3465 x^{6} \sin{\left(8 x \right)}}{16384} + \frac{10395 x^{5} \cos{\left(8 x \right)}}{65536} - \frac{51975 x^{4} \sin{\left(8 x \right)}}{524288} - \frac{51975 x^{3} \cos{\left(8 x \right)}}{1048576} + \frac{155925 x^{2} \sin{\left(8 x \right)}}{8388608} + \frac{155925 x \cos{\left(8 x \right)}}{33554432} - \frac{155925 \sin{\left(8 x \right)}}{268435456}
IBP_n11_sin_b09_09,11,sin,9,"Evaluate the indefinite integral.

\int x^{11} \sin(9x)\,dx

Show all steps. Give the antiderivative (omit the constant of integration) inside \boxed{}.",- \frac{x^{11} \cos{\left(9 x \right)}}{9} + \frac{11 x^{10} \sin{\left(9 x \right)}}{81} + \frac{110 x^{9} \cos{\left(9 x \right)}}{729} - \frac{110 x^{8} \sin{\left(9 x \right)}}{729} - \frac{880 x^{7} \cos{\left(9 x \right)}}{6561} + \frac{6160 x^{6} \sin{\left(9 x \right)}}{59049} + \frac{12320 x^{5} \cos{\left(9 x \right)}}{177147} - \frac{61600 x^{4} \sin{\left(9 x \right)}}{1594323} - \frac{246400 x^{3} \cos{\left(9 x \right)}}{14348907} + \frac{246400 x^{2} \sin{\left(9 x \right)}}{43046721} + \frac{492800 x \cos{\left(9 x \right)}}{387420489} - \frac{492800 \sin{\left(9 x \right)}}{3486784401}
IBP_n11_cos_b01_00,11,cos,1,"Evaluate the indefinite integral.

\int x^{11} \cos(x)\,dx

Show all steps. Give the antiderivative (omit the constant of integration) inside \boxed{}.",x^{11} \sin{\left(x \right)} + 11 x^{10} \cos{\left(x \right)} - 110 x^{9} \sin{\left(x \right)} - 990 x^{8} \cos{\left(x \right)} + 7920 x^{7} \sin{\left(x \right)} + 55440 x^{6} \cos{\left(x \right)} - 332640 x^{5} \sin{\left(x \right)} - 1663200 x^{4} \cos{\left(x \right)} + 6652800 x^{3} \sin{\left(x \right)} + 19958400 x^{2} \cos{\left(x \right)} - 39916800 x \sin{\left(x \right)} - 39916800 \cos{\left(x \right)}
IBP_n11_cos_b02_01,11,cos,2,"Evaluate the indefinite integral.

\int x^{11} \cos(2x)\,dx

Show all steps. Give the antiderivative (omit the constant of integration) inside \boxed{}.",\frac{x^{11} \sin{\left(2 x \right)}}{2} + \frac{11 x^{10} \cos{\left(2 x \right)}}{4} - \frac{55 x^{9} \sin{\left(2 x \right)}}{4} - \frac{495 x^{8} \cos{\left(2 x \right)}}{8} + \frac{495 x^{7} \sin{\left(2 x \right)}}{2} + \frac{3465 x^{6} \cos{\left(2 x \right)}}{4} - \frac{10395 x^{5} \sin{\left(2 x \right)}}{4} - \frac{51975 x^{4} \cos{\left(2 x \right)}}{8} + \frac{51975 x^{3} \sin{\left(2 x \right)}}{4} + \frac{155925 x^{2} \cos{\left(2 x \right)}}{8} - \frac{155925 x \sin{\left(2 x \right)}}{8} - \frac{155925 \cos{\left(2 x \right)}}{16}
IBP_n11_cos_b03_02,11,cos,3,"Evaluate the indefinite integral.

\int x^{11} \cos(3x)\,dx

Show all steps. Give the antiderivative (omit the constant of integration) inside \boxed{}.",\frac{x^{11} \sin{\left(3 x \right)}}{3} + \frac{11 x^{10} \cos{\left(3 x \right)}}{9} - \frac{110 x^{9} \sin{\left(3 x \right)}}{27} - \frac{110 x^{8} \cos{\left(3 x \right)}}{9} + \frac{880 x^{7} \sin{\left(3 x \right)}}{27} + \frac{6160 x^{6} \cos{\left(3 x \right)}}{81} - \frac{12320 x^{5} \sin{\left(3 x \right)}}{81} - \frac{61600 x^{4} \cos{\left(3 x \right)}}{243} + \frac{246400 x^{3} \sin{\left(3 x \right)}}{729} + \frac{246400 x^{2} \cos{\left(3 x \right)}}{729} - \frac{492800 x \sin{\left(3 x \right)}}{2187} - \frac{492800 \cos{\left(3 x \right)}}{6561}
IBP_n11_cos_b09_03,11,cos,9,"Evaluate the indefinite integral.

\int x^{11} \cos(9x)\,dx

Show all steps. Give the antiderivative (omit the constant of integration) inside \boxed{}.",\frac{x^{11} \sin{\left(9 x \right)}}{9} + \frac{11 x^{10} \cos{\left(9 x \right)}}{81} - \frac{110 x^{9} \sin{\left(9 x \right)}}{729} - \frac{110 x^{8} \cos{\left(9 x \right)}}{729} + \frac{880 x^{7} \sin{\left(9 x \right)}}{6561} + \frac{6160 x^{6} \cos{\left(9 x \right)}}{59049} - \frac{12320 x^{5} \sin{\left(9 x \right)}}{177147} - \frac{61600 x^{4} \cos{\left(9 x \right)}}{1594323} + \frac{246400 x^{3} \sin{\left(9 x \right)}}{14348907} + \frac{246400 x^{2} \cos{\left(9 x \right)}}{43046721} - \frac{492800 x \sin{\left(9 x \right)}}{387420489} - \frac{492800 \cos{\left(9 x \right)}}{3486784401}
IBP_n11_cos_b07_04,11,cos,7,"Evaluate the indefinite integral.

\int x^{11} \cos(7x)\,dx

Show all steps. Give the antiderivative (omit the constant of integration) inside \boxed{}.",\frac{x^{11} \sin{\left(7 x \right)}}{7} + \frac{11 x^{10} \cos{\left(7 x \right)}}{49} - \frac{110 x^{9} \sin{\left(7 x \right)}}{343} - \frac{990 x^{8} \cos{\left(7 x \right)}}{2401} + \frac{7920 x^{7} \sin{\left(7 x \right)}}{16807} + \frac{7920 x^{6} \cos{\left(7 x \right)}}{16807} - \frac{47520 x^{5} \sin{\left(7 x \right)}}{117649} - \frac{237600 x^{4} \cos{\left(7 x \right)}}{823543} + \frac{950400 x^{3} \sin{\left(7 x \right)}}{5764801} + \frac{2851200 x^{2} \cos{\left(7 x \right)}}{40353607} - \frac{5702400 x \sin{\left(7 x \right)}}{282475249} - \frac{5702400 \cos{\left(7 x \right)}}{1977326743}
IBP_n11_cos_b05_05,11,cos,5,"Evaluate the indefinite integral.

\int x^{11} \cos(5x)\,dx

Show all steps. Give the antiderivative (omit the constant of integration) inside \boxed{}.",\frac{x^{11} \sin{\left(5 x \right)}}{5} + \frac{11 x^{10} \cos{\left(5 x \right)}}{25} - \frac{22 x^{9} \sin{\left(5 x \right)}}{25} - \frac{198 x^{8} \cos{\left(5 x \right)}}{125} + \frac{1584 x^{7} \sin{\left(5 x \right)}}{625} + \frac{11088 x^{6} \cos{\left(5 x \right)}}{3125} - \frac{66528 x^{5} \sin{\left(5 x \right)}}{15625} - \frac{66528 x^{4} \cos{\left(5 x \right)}}{15625} + \frac{266112 x^{3} \sin{\left(5 x \right)}}{78125} + \frac{798336 x^{2} \cos{\left(5 x \right)}}{390625} - \frac{1596672 x \sin{\left(5 x \right)}}{1953125} - \frac{1596672 \cos{\left(5 x \right)}}{9765625}
IBP_n11_cos_b06_06,11,cos,6,"Evaluate the indefinite integral.

\int x^{11} \cos(6x)\,dx

Show all steps. Give the antiderivative (omit the constant of integration) inside \boxed{}.",\frac{x^{11} \sin{\left(6 x \right)}}{6} + \frac{11 x^{10} \cos{\left(6 x \right)}}{36} - \frac{55 x^{9} \sin{\left(6 x \right)}}{108} - \frac{55 x^{8} \cos{\left(6 x \right)}}{72} + \frac{55 x^{7} \sin{\left(6 x \right)}}{54} + \frac{385 x^{6} \cos{\left(6 x \right)}}{324} - \frac{385 x^{5} \sin{\left(6 x \right)}}{324} - \frac{1925 x^{4} \cos{\left(6 x \right)}}{1944} + \frac{1925 x^{3} \sin{\left(6 x \right)}}{2916} + \frac{1925 x^{2} \cos{\left(6 x \right)}}{5832} - \frac{1925 x \sin{\left(6 x \right)}}{17496} - \frac{1925 \cos{\left(6 x \right)}}{104976}
IBP_n11_cos_b04_07,11,cos,4,"Evaluate the indefinite integral.

\int x^{11} \cos(4x)\,dx

Show all steps. Give the antiderivative (omit the constant of integration) inside \boxed{}.",\frac{x^{11} \sin{\left(4 x \right)}}{4} + \frac{11 x^{10} \cos{\left(4 x \right)}}{16} - \frac{55 x^{9} \sin{\left(4 x \right)}}{32} - \frac{495 x^{8} \cos{\left(4 x \right)}}{128} + \frac{495 x^{7} \sin{\left(4 x \right)}}{64} + \frac{3465 x^{6} \cos{\left(4 x \right)}}{256} - \frac{10395 x^{5} \sin{\left(4 x \right)}}{512} - \frac{51975 x^{4} \cos{\left(4 x \right)}}{2048} + \frac{51975 x^{3} \sin{\left(4 x \right)}}{2048} + \frac{155925 x^{2} \cos{\left(4 x \right)}}{8192} - \frac{155925 x \sin{\left(4 x \right)}}{16384} - \frac{155925 \cos{\left(4 x \right)}}{65536}
IBP_n11_cos_b10_08,11,cos,10,"Evaluate the indefinite integral.

\int x^{11} \cos(10x)\,dx

Show all steps. Give the antiderivative (omit the constant of integration) inside \boxed{}.",\frac{x^{11} \sin{\left(10 x \right)}}{10} + \frac{11 x^{10} \cos{\left(10 x \right)}}{100} - \frac{11 x^{9} \sin{\left(10 x \right)}}{100} - \frac{99 x^{8} \cos{\left(10 x \right)}}{1000} + \frac{99 x^{7} \sin{\left(10 x \right)}}{1250} + \frac{693 x^{6} \cos{\left(10 x \right)}}{12500} - \frac{2079 x^{5} \sin{\left(10 x \right)}}{62500} - \frac{2079 x^{4} \cos{\left(10 x \right)}}{125000} + \frac{2079 x^{3} \sin{\left(10 x \right)}}{312500} + \frac{6237 x^{2} \cos{\left(10 x \right)}}{3125000} - \frac{6237 x \sin{\left(10 x \right)}}{15625000} - \frac{6237 \cos{\left(10 x \right)}}{156250000}
IBP_n11_cos_b08_09,11,cos,8,"Evaluate the indefinite integral.

\int x^{11} \cos(8x)\,dx

Show all steps. Give the antiderivative (omit the constant of integration) inside \boxed{}.",\frac{x^{11} \sin{\left(8 x \right)}}{8} + \frac{11 x^{10} \cos{\left(8 x \right)}}{64} - \frac{55 x^{9} \sin{\left(8 x \right)}}{256} - \frac{495 x^{8} \cos{\left(8 x \right)}}{2048} + \frac{495 x^{7} \sin{\left(8 x \right)}}{2048} + \frac{3465 x^{6} \cos{\left(8 x \right)}}{16384} - \frac{10395 x^{5} \sin{\left(8 x \right)}}{65536} - \frac{51975 x^{4} \cos{\left(8 x \right)}}{524288} + \frac{51975 x^{3} \sin{\left(8 x \right)}}{1048576} + \frac{155925 x^{2} \cos{\left(8 x \right)}}{8388608} - \frac{155925 x \sin{\left(8 x \right)}}{33554432} - \frac{155925 \cos{\left(8 x \right)}}{268435456}
IBP_n12_sin_b05_00,12,sin,5,"Evaluate the indefinite integral.

\int x^{12} \sin(5x)\,dx

Show all steps. Give the antiderivative (omit the constant of integration) inside \boxed{}.",- \frac{x^{12} \cos{\left(5 x \right)}}{5} + \frac{12 x^{11} \sin{\left(5 x \right)}}{25} + \frac{132 x^{10} \cos{\left(5 x \right)}}{125} - \frac{264 x^{9} \sin{\left(5 x \right)}}{125} - \frac{2376 x^{8} \cos{\left(5 x \right)}}{625} + \frac{19008 x^{7} \sin{\left(5 x \right)}}{3125} + \frac{133056 x^{6} \cos{\left(5 x \right)}}{15625} - \frac{798336 x^{5} \sin{\left(5 x \right)}}{78125} - \frac{798336 x^{4} \cos{\left(5 x \right)}}{78125} + \frac{3193344 x^{3} \sin{\left(5 x \right)}}{390625} + \frac{9580032 x^{2} \cos{\left(5 x \right)}}{1953125} - \frac{19160064 x \sin{\left(5 x \right)}}{9765625} - \frac{19160064 \cos{\left(5 x \right)}}{48828125}
IBP_n12_sin_b02_01,12,sin,2,"Evaluate the indefinite integral.

\int x^{12} \sin(2x)\,dx

Show all steps. Give the antiderivative (omit the constant of integration) inside \boxed{}.",- \frac{x^{12} \cos{\left(2 x \right)}}{2} + 3 x^{11} \sin{\left(2 x \right)} + \frac{33 x^{10} \cos{\left(2 x \right)}}{2} - \frac{165 x^{9} \sin{\left(2 x \right)}}{2} - \frac{1485 x^{8} \cos{\left(2 x \right)}}{4} + 1485 x^{7} \sin{\left(2 x \right)} + \frac{10395 x^{6} \cos{\left(2 x \right)}}{2} - \frac{31185 x^{5} \sin{\left(2 x \right)}}{2} - \frac{155925 x^{4} \cos{\left(2 x \right)}}{4} + \frac{155925 x^{3} \sin{\left(2 x \right)}}{2} + \frac{467775 x^{2} \cos{\left(2 x \right)}}{4} - \frac{467775 x \sin{\left(2 x \right)}}{4} - \frac{467775 \cos{\left(2 x \right)}}{8}
IBP_n12_sin_b08_02,12,sin,8,"Evaluate the indefinite integral.

\int x^{12} \sin(8x)\,dx

Show all steps. Give the antiderivative (omit the constant of integration) inside \boxed{}.",- \frac{x^{12} \cos{\left(8 x \right)}}{8} + \frac{3 x^{11} \sin{\left(8 x \right)}}{16} + \frac{33 x^{10} \cos{\left(8 x \right)}}{128} - \frac{165 x^{9} \sin{\left(8 x \right)}}{512} - \frac{1485 x^{8} \cos{\left(8 x \right)}}{4096} + \frac{1485 x^{7} \sin{\left(8 x \right)}}{4096} + \frac{10395 x^{6} \cos{\left(8 x \right)}}{32768} - \frac{31185 x^{5} \sin{\left(8 x \right)}}{131072} - \frac{155925 x^{4} \cos{\left(8 x \right)}}{1048576} + \frac{155925 x^{3} \sin{\left(8 x \right)}}{2097152} + \frac{467775 x^{2} \cos{\left(8 x \right)}}{16777216} - \frac{467775 x \sin{\left(8 x \right)}}{67108864} - \frac{467775 \cos{\left(8 x \right)}}{536870912}
IBP_n12_sin_b07_03,12,sin,7,"Evaluate the indefinite integral.

\int x^{12} \sin(7x)\,dx

Show all steps. Give the antiderivative (omit the constant of integration) inside \boxed{}.",- \frac{x^{12} \cos{\left(7 x \right)}}{7} + \frac{12 x^{11} \sin{\left(7 x \right)}}{49} + \frac{132 x^{10} \cos{\left(7 x \right)}}{343} - \frac{1320 x^{9} \sin{\left(7 x \right)}}{2401} - \frac{11880 x^{8} \cos{\left(7 x \right)}}{16807} + \frac{95040 x^{7} \sin{\left(7 x \right)}}{117649} + \frac{95040 x^{6} \cos{\left(7 x \right)}}{117649} - \frac{570240 x^{5} \sin{\left(7 x \right)}}{823543} - \frac{2851200 x^{4} \cos{\left(7 x \right)}}{5764801} + \frac{11404800 x^{3} \sin{\left(7 x \right)}}{40353607} + \frac{34214400 x^{2} \cos{\left(7 x \right)}}{282475249} - \frac{68428800 x \sin{\left(7 x \right)}}{1977326743} - \frac{68428800 \cos{\left(7 x \right)}}{13841287201}
IBP_n12_sin_b01_04,12,sin,1,"Evaluate the indefinite integral.

\int x^{12} \sin(x)\,dx

Show all steps. Give the antiderivative (omit the constant of integration) inside \boxed{}.",- x^{12} \cos{\left(x \right)} + 12 x^{11} \sin{\left(x \right)} + 132 x^{10} \cos{\left(x \right)} - 1320 x^{9} \sin{\left(x \right)} - 11880 x^{8} \cos{\left(x \right)} + 95040 x^{7} \sin{\left(x \right)} + 665280 x^{6} \cos{\left(x \right)} - 3991680 x^{5} \sin{\left(x \right)} - 19958400 x^{4} \cos{\left(x \right)} + 79833600 x^{3} \sin{\left(x \right)} + 239500800 x^{2} \cos{\left(x \right)} - 479001600 x \sin{\left(x \right)} - 479001600 \cos{\left(x \right)}
IBP_n12_sin_b09_05,12,sin,9,"Evaluate the indefinite integral.

\int x^{12} \sin(9x)\,dx

Show all steps. Give the antiderivative (omit the constant of integration) inside \boxed{}.",- \frac{x^{12} \cos{\left(9 x \right)}}{9} + \frac{4 x^{11} \sin{\left(9 x \right)}}{27} + \frac{44 x^{10} \cos{\left(9 x \right)}}{243} - \frac{440 x^{9} \sin{\left(9 x \right)}}{2187} - \frac{440 x^{8} \cos{\left(9 x \right)}}{2187} + \frac{3520 x^{7} \sin{\left(9 x \right)}}{19683} + \frac{24640 x^{6} \cos{\left(9 x \right)}}{177147} - \frac{49280 x^{5} \sin{\left(9 x \right)}}{531441} - \frac{246400 x^{4} \cos{\left(9 x \right)}}{4782969} + \frac{985600 x^{3} \sin{\left(9 x \right)}}{43046721} + \frac{985600 x^{2} \cos{\left(9 x \right)}}{129140163} - \frac{1971200 x \sin{\left(9 x \right)}}{1162261467} - \frac{1971200 \cos{\left(9 x \right)}}{10460353203}
IBP_n12_sin_b10_06,12,sin,10,"Evaluate the indefinite integral.

\int x^{12} \sin(10x)\,dx

Show all steps. Give the antiderivative (omit the constant of integration) inside \boxed{}.",- \frac{x^{12} \cos{\left(10 x \right)}}{10} + \frac{3 x^{11} \sin{\left(10 x \right)}}{25} + \frac{33 x^{10} \cos{\left(10 x \right)}}{250} - \frac{33 x^{9} \sin{\left(10 x \right)}}{250} - \frac{297 x^{8} \cos{\left(10 x \right)}}{2500} + \frac{297 x^{7} \sin{\left(10 x \right)}}{3125} + \frac{2079 x^{6} \cos{\left(10 x \right)}}{31250} - \frac{6237 x^{5} \sin{\left(10 x \right)}}{156250} - \frac{6237 x^{4} \cos{\left(10 x \right)}}{312500} + \frac{6237 x^{3} \sin{\left(10 x \right)}}{781250} + \frac{18711 x^{2} \cos{\left(10 x \right)}}{7812500} - \frac{18711 x \sin{\left(10 x \right)}}{39062500} - \frac{18711 \cos{\left(10 x \right)}}{390625000}
IBP_n12_sin_b03_07,12,sin,3,"Evaluate the indefinite integral.

\int x^{12} \sin(3x)\,dx

Show all steps. Give the antiderivative (omit the constant of integration) inside \boxed{}.",- \frac{x^{12} \cos{\left(3 x \right)}}{3} + \frac{4 x^{11} \sin{\left(3 x \right)}}{3} + \frac{44 x^{10} \cos{\left(3 x \right)}}{9} - \frac{440 x^{9} \sin{\left(3 x \right)}}{27} - \frac{440 x^{8} \cos{\left(3 x \right)}}{9} + \frac{3520 x^{7} \sin{\left(3 x \right)}}{27} + \frac{24640 x^{6} \cos{\left(3 x \right)}}{81} - \frac{49280 x^{5} \sin{\left(3 x \right)}}{81} - \frac{246400 x^{4} \cos{\left(3 x \right)}}{243} + \frac{985600 x^{3} \sin{\left(3 x \right)}}{729} + \frac{985600 x^{2} \cos{\left(3 x \right)}}{729} - \frac{1971200 x \sin{\left(3 x \right)}}{2187} - \frac{1971200 \cos{\left(3 x \right)}}{6561}
IBP_n12_sin_b04_08,12,sin,4,"Evaluate the indefinite integral.

\int x^{12} \sin(4x)\,dx

Show all steps. Give the antiderivative (omit the constant of integration) inside \boxed{}.",- \frac{x^{12} \cos{\left(4 x \right)}}{4} + \frac{3 x^{11} \sin{\left(4 x \right)}}{4} + \frac{33 x^{10} \cos{\left(4 x \right)}}{16} - \frac{165 x^{9} \sin{\left(4 x \right)}}{32} - \frac{1485 x^{8} \cos{\left(4 x \right)}}{128} + \frac{1485 x^{7} \sin{\left(4 x \right)}}{64} + \frac{10395 x^{6} \cos{\left(4 x \right)}}{256} - \frac{31185 x^{5} \sin{\left(4 x \right)}}{512} - \frac{155925 x^{4} \cos{\left(4 x \right)}}{2048} + \frac{155925 x^{3} \sin{\left(4 x \right)}}{2048} + \frac{467775 x^{2} \cos{\left(4 x \right)}}{8192} - \frac{467775 x \sin{\left(4 x \right)}}{16384} - \frac{467775 \cos{\left(4 x \right)}}{65536}
IBP_n12_sin_b06_09,12,sin,6,"Evaluate the indefinite integral.

\int x^{12} \sin(6x)\,dx

Show all steps. Give the antiderivative (omit the constant of integration) inside \boxed{}.",- \frac{x^{12} \cos{\left(6 x \right)}}{6} + \frac{x^{11} \sin{\left(6 x \right)}}{3} + \frac{11 x^{10} \cos{\left(6 x \right)}}{18} - \frac{55 x^{9} \sin{\left(6 x \right)}}{54} - \frac{55 x^{8} \cos{\left(6 x \right)}}{36} + \frac{55 x^{7} \sin{\left(6 x \right)}}{27} + \frac{385 x^{6} \cos{\left(6 x \right)}}{162} - \frac{385 x^{5} \sin{\left(6 x \right)}}{162} - \frac{1925 x^{4} \cos{\left(6 x \right)}}{972} + \frac{1925 x^{3} \sin{\left(6 x \right)}}{1458} + \frac{1925 x^{2} \cos{\left(6 x \right)}}{2916} - \frac{1925 x \sin{\left(6 x \right)}}{8748} - \frac{1925 \cos{\left(6 x \right)}}{52488}
IBP_n12_cos_b06_00,12,cos,6,"Evaluate the indefinite integral.

\int x^{12} \cos(6x)\,dx

Show all steps. Give the antiderivative (omit the constant of integration) inside \boxed{}.",\frac{x^{12} \sin{\left(6 x \right)}}{6} + \frac{x^{11} \cos{\left(6 x \right)}}{3} - \frac{11 x^{10} \sin{\left(6 x \right)}}{18} - \frac{55 x^{9} \cos{\left(6 x \right)}}{54} + \frac{55 x^{8} \sin{\left(6 x \right)}}{36} + \frac{55 x^{7} \cos{\left(6 x \right)}}{27} - \frac{385 x^{6} \sin{\left(6 x \right)}}{162} - \frac{385 x^{5} \cos{\left(6 x \right)}}{162} + \frac{1925 x^{4} \sin{\left(6 x \right)}}{972} + \frac{1925 x^{3} \cos{\left(6 x \right)}}{1458} - \frac{1925 x^{2} \sin{\left(6 x \right)}}{2916} - \frac{1925 x \cos{\left(6 x \right)}}{8748} + \frac{1925 \sin{\left(6 x \right)}}{52488}
IBP_n12_cos_b03_01,12,cos,3,"Evaluate the indefinite integral.

\int x^{12} \cos(3x)\,dx

Show all steps. Give the antiderivative (omit the constant of integration) inside \boxed{}.",\frac{x^{12} \sin{\left(3 x \right)}}{3} + \frac{4 x^{11} \cos{\left(3 x \right)}}{3} - \frac{44 x^{10} \sin{\left(3 x \right)}}{9} - \frac{440 x^{9} \cos{\left(3 x \right)}}{27} + \frac{440 x^{8} \sin{\left(3 x \right)}}{9} + \frac{3520 x^{7} \cos{\left(3 x \right)}}{27} - \frac{24640 x^{6} \sin{\left(3 x \right)}}{81} - \frac{49280 x^{5} \cos{\left(3 x \right)}}{81} + \frac{246400 x^{4} \sin{\left(3 x \right)}}{243} + \frac{985600 x^{3} \cos{\left(3 x \right)}}{729} - \frac{985600 x^{2} \sin{\left(3 x \right)}}{729} - \frac{1971200 x \cos{\left(3 x \right)}}{2187} + \frac{1971200 \sin{\left(3 x \right)}}{6561}
IBP_n12_cos_b07_02,12,cos,7,"Evaluate the indefinite integral.

\int x^{12} \cos(7x)\,dx

Show all steps. Give the antiderivative (omit the constant of integration) inside \boxed{}.",\frac{x^{12} \sin{\left(7 x \right)}}{7} + \frac{12 x^{11} \cos{\left(7 x \right)}}{49} - \frac{132 x^{10} \sin{\left(7 x \right)}}{343} - \frac{1320 x^{9} \cos{\left(7 x \right)}}{2401} + \frac{11880 x^{8} \sin{\left(7 x \right)}}{16807} + \frac{95040 x^{7} \cos{\left(7 x \right)}}{117649} - \frac{95040 x^{6} \sin{\left(7 x \right)}}{117649} - \frac{570240 x^{5} \cos{\left(7 x \right)}}{823543} + \frac{2851200 x^{4} \sin{\left(7 x \right)}}{5764801} + \frac{11404800 x^{3} \cos{\left(7 x \right)}}{40353607} - \frac{34214400 x^{2} \sin{\left(7 x \right)}}{282475249} - \frac{68428800 x \cos{\left(7 x \right)}}{1977326743} + \frac{68428800 \sin{\left(7 x \right)}}{13841287201}
IBP_n12_cos_b08_03,12,cos,8,"Evaluate the indefinite integral.

\int x^{12} \cos(8x)\,dx

Show all steps. Give the antiderivative (omit the constant of integration) inside \boxed{}.",\frac{x^{12} \sin{\left(8 x \right)}}{8} + \frac{3 x^{11} \cos{\left(8 x \right)}}{16} - \frac{33 x^{10} \sin{\left(8 x \right)}}{128} - \frac{165 x^{9} \cos{\left(8 x \right)}}{512} + \frac{1485 x^{8} \sin{\left(8 x \right)}}{4096} + \frac{1485 x^{7} \cos{\left(8 x \right)}}{4096} - \frac{10395 x^{6} \sin{\left(8 x \right)}}{32768} - \frac{31185 x^{5} \cos{\left(8 x \right)}}{131072} + \frac{155925 x^{4} \sin{\left(8 x \right)}}{1048576} + \frac{155925 x^{3} \cos{\left(8 x \right)}}{2097152} - \frac{467775 x^{2} \sin{\left(8 x \right)}}{16777216} - \frac{467775 x \cos{\left(8 x \right)}}{67108864} + \frac{467775 \sin{\left(8 x \right)}}{536870912}
IBP_n12_cos_b10_04,12,cos,10,"Evaluate the indefinite integral.

\int x^{12} \cos(10x)\,dx

Show all steps. Give the antiderivative (omit the constant of integration) inside \boxed{}.",\frac{x^{12} \sin{\left(10 x \right)}}{10} + \frac{3 x^{11} \cos{\left(10 x \right)}}{25} - \frac{33 x^{10} \sin{\left(10 x \right)}}{250} - \frac{33 x^{9} \cos{\left(10 x \right)}}{250} + \frac{297 x^{8} \sin{\left(10 x \right)}}{2500} + \frac{297 x^{7} \cos{\left(10 x \right)}}{3125} - \frac{2079 x^{6} \sin{\left(10 x \right)}}{31250} - \frac{6237 x^{5} \cos{\left(10 x \right)}}{156250} + \frac{6237 x^{4} \sin{\left(10 x \right)}}{312500} + \frac{6237 x^{3} \cos{\left(10 x \right)}}{781250} - \frac{18711 x^{2} \sin{\left(10 x \right)}}{7812500} - \frac{18711 x \cos{\left(10 x \right)}}{39062500} + \frac{18711 \sin{\left(10 x \right)}}{390625000}
IBP_n12_cos_b01_05,12,cos,1,"Evaluate the indefinite integral.

\int x^{12} \cos(x)\,dx

Show all steps. Give the antiderivative (omit the constant of integration) inside \boxed{}.",x^{12} \sin{\left(x \right)} + 12 x^{11} \cos{\left(x \right)} - 132 x^{10} \sin{\left(x \right)} - 1320 x^{9} \cos{\left(x \right)} + 11880 x^{8} \sin{\left(x \right)} + 95040 x^{7} \cos{\left(x \right)} - 665280 x^{6} \sin{\left(x \right)} - 3991680 x^{5} \cos{\left(x \right)} + 19958400 x^{4} \sin{\left(x \right)} + 79833600 x^{3} \cos{\left(x \right)} - 239500800 x^{2} \sin{\left(x \right)} - 479001600 x \cos{\left(x \right)} + 479001600 \sin{\left(x \right)}
IBP_n12_cos_b05_06,12,cos,5,"Evaluate the indefinite integral.

\int x^{12} \cos(5x)\,dx

Show all steps. Give the antiderivative (omit the constant of integration) inside \boxed{}.",\frac{x^{12} \sin{\left(5 x \right)}}{5} + \frac{12 x^{11} \cos{\left(5 x \right)}}{25} - \frac{132 x^{10} \sin{\left(5 x \right)}}{125} - \frac{264 x^{9} \cos{\left(5 x \right)}}{125} + \frac{2376 x^{8} \sin{\left(5 x \right)}}{625} + \frac{19008 x^{7} \cos{\left(5 x \right)}}{3125} - \frac{133056 x^{6} \sin{\left(5 x \right)}}{15625} - \frac{798336 x^{5} \cos{\left(5 x \right)}}{78125} + \frac{798336 x^{4} \sin{\left(5 x \right)}}{78125} + \frac{3193344 x^{3} \cos{\left(5 x \right)}}{390625} - \frac{9580032 x^{2} \sin{\left(5 x \right)}}{1953125} - \frac{19160064 x \cos{\left(5 x \right)}}{9765625} + \frac{19160064 \sin{\left(5 x \right)}}{48828125}
IBP_n12_cos_b02_07,12,cos,2,"Evaluate the indefinite integral.

\int x^{12} \cos(2x)\,dx

Show all steps. Give the antiderivative (omit the constant of integration) inside \boxed{}.",\frac{x^{12} \sin{\left(2 x \right)}}{2} + 3 x^{11} \cos{\left(2 x \right)} - \frac{33 x^{10} \sin{\left(2 x \right)}}{2} - \frac{165 x^{9} \cos{\left(2 x \right)}}{2} + \frac{1485 x^{8} \sin{\left(2 x \right)}}{4} + 1485 x^{7} \cos{\left(2 x \right)} - \frac{10395 x^{6} \sin{\left(2 x \right)}}{2} - \frac{31185 x^{5} \cos{\left(2 x \right)}}{2} + \frac{155925 x^{4} \sin{\left(2 x \right)}}{4} + \frac{155925 x^{3} \cos{\left(2 x \right)}}{2} - \frac{467775 x^{2} \sin{\left(2 x \right)}}{4} - \frac{467775 x \cos{\left(2 x \right)}}{4} + \frac{467775 \sin{\left(2 x \right)}}{8}
IBP_n12_cos_b04_08,12,cos,4,"Evaluate the indefinite integral.

\int x^{12} \cos(4x)\,dx

Show all steps. Give the antiderivative (omit the constant of integration) inside \boxed{}.",\frac{x^{12} \sin{\left(4 x \right)}}{4} + \frac{3 x^{11} \cos{\left(4 x \right)}}{4} - \frac{33 x^{10} \sin{\left(4 x \right)}}{16} - \frac{165 x^{9} \cos{\left(4 x \right)}}{32} + \frac{1485 x^{8} \sin{\left(4 x \right)}}{128} + \frac{1485 x^{7} \cos{\left(4 x \right)}}{64} - \frac{10395 x^{6} \sin{\left(4 x \right)}}{256} - \frac{31185 x^{5} \cos{\left(4 x \right)}}{512} + \frac{155925 x^{4} \sin{\left(4 x \right)}}{2048} + \frac{155925 x^{3} \cos{\left(4 x \right)}}{2048} - \frac{467775 x^{2} \sin{\left(4 x \right)}}{8192} - \frac{467775 x \cos{\left(4 x \right)}}{16384} + \frac{467775 \sin{\left(4 x \right)}}{65536}
IBP_n12_cos_b09_09,12,cos,9,"Evaluate the indefinite integral.

\int x^{12} \cos(9x)\,dx

Show all steps. Give the antiderivative (omit the constant of integration) inside \boxed{}.",\frac{x^{12} \sin{\left(9 x \right)}}{9} + \frac{4 x^{11} \cos{\left(9 x \right)}}{27} - \frac{44 x^{10} \sin{\left(9 x \right)}}{243} - \frac{440 x^{9} \cos{\left(9 x \right)}}{2187} + \frac{440 x^{8} \sin{\left(9 x \right)}}{2187} + \frac{3520 x^{7} \cos{\left(9 x \right)}}{19683} - \frac{24640 x^{6} \sin{\left(9 x \right)}}{177147} - \frac{49280 x^{5} \cos{\left(9 x \right)}}{531441} + \frac{246400 x^{4} \sin{\left(9 x \right)}}{4782969} + \frac{985600 x^{3} \cos{\left(9 x \right)}}{43046721} - \frac{985600 x^{2} \sin{\left(9 x \right)}}{129140163} - \frac{1971200 x \cos{\left(9 x \right)}}{1162261467} + \frac{1971200 \sin{\left(9 x \right)}}{10460353203}
IBP_n13_sin_b01_00,13,sin,1,"Evaluate the indefinite integral.

\int x^{13} \sin(x)\,dx

Show all steps. Give the antiderivative (omit the constant of integration) inside \boxed{}.",- x^{13} \cos{\left(x \right)} + 13 x^{12} \sin{\left(x \right)} + 156 x^{11} \cos{\left(x \right)} - 1716 x^{10} \sin{\left(x \right)} - 17160 x^{9} \cos{\left(x \right)} + 154440 x^{8} \sin{\left(x \right)} + 1235520 x^{7} \cos{\left(x \right)} - 8648640 x^{6} \sin{\left(x \right)} - 51891840 x^{5} \cos{\left(x \right)} + 259459200 x^{4} \sin{\left(x \right)} + 1037836800 x^{3} \cos{\left(x \right)} - 3113510400 x^{2} \sin{\left(x \right)} - 6227020800 x \cos{\left(x \right)} + 6227020800 \sin{\left(x \right)}
IBP_n13_sin_b05_01,13,sin,5,"Evaluate the indefinite integral.

\int x^{13} \sin(5x)\,dx

Show all steps. Give the antiderivative (omit the constant of integration) inside \boxed{}.",- \frac{x^{13} \cos{\left(5 x \right)}}{5} + \frac{13 x^{12} \sin{\left(5 x \right)}}{25} + \frac{156 x^{11} \cos{\left(5 x \right)}}{125} - \frac{1716 x^{10} \sin{\left(5 x \right)}}{625} - \frac{3432 x^{9} \cos{\left(5 x \right)}}{625} + \frac{30888 x^{8} \sin{\left(5 x \right)}}{3125} + \frac{247104 x^{7} \cos{\left(5 x \right)}}{15625} - \frac{1729728 x^{6} \sin{\left(5 x \right)}}{78125} - \frac{10378368 x^{5} \cos{\left(5 x \right)}}{390625} + \frac{10378368 x^{4} \sin{\left(5 x \right)}}{390625} + \frac{41513472 x^{3} \cos{\left(5 x \right)}}{1953125} - \frac{124540416 x^{2} \sin{\left(5 x \right)}}{9765625} - \frac{249080832 x \cos{\left(5 x \right)}}{48828125} + \frac{249080832 \sin{\left(5 x \right)}}{244140625}
IBP_n13_sin_b04_02,13,sin,4,"Evaluate the indefinite integral.

\int x^{13} \sin(4x)\,dx

Show all steps. Give the antiderivative (omit the constant of integration) inside \boxed{}.",- \frac{x^{13} \cos{\left(4 x \right)}}{4} + \frac{13 x^{12} \sin{\left(4 x \right)}}{16} + \frac{39 x^{11} \cos{\left(4 x \right)}}{16} - \frac{429 x^{10} \sin{\left(4 x \right)}}{64} - \frac{2145 x^{9} \cos{\left(4 x \right)}}{128} + \frac{19305 x^{8} \sin{\left(4 x \right)}}{512} + \frac{19305 x^{7} \cos{\left(4 x \right)}}{256} - \frac{135135 x^{6} \sin{\left(4 x \right)}}{1024} - \frac{405405 x^{5} \cos{\left(4 x \right)}}{2048} + \frac{2027025 x^{4} \sin{\left(4 x \right)}}{8192} + \frac{2027025 x^{3} \cos{\left(4 x \right)}}{8192} - \frac{6081075 x^{2} \sin{\left(4 x \right)}}{32768} - \frac{6081075 x \cos{\left(4 x \right)}}{65536} + \frac{6081075 \sin{\left(4 x \right)}}{262144}
IBP_n13_sin_b06_03,13,sin,6,"Evaluate the indefinite integral.

\int x^{13} \sin(6x)\,dx

Show all steps. Give the antiderivative (omit the constant of integration) inside \boxed{}.",- \frac{x^{13} \cos{\left(6 x \right)}}{6} + \frac{13 x^{12} \sin{\left(6 x \right)}}{36} + \frac{13 x^{11} \cos{\left(6 x \right)}}{18} - \frac{143 x^{10} \sin{\left(6 x \right)}}{108} - \frac{715 x^{9} \cos{\left(6 x \right)}}{324} + \frac{715 x^{8} \sin{\left(6 x \right)}}{216} + \frac{715 x^{7} \cos{\left(6 x \right)}}{162} - \frac{5005 x^{6} \sin{\left(6 x \right)}}{972} - \frac{5005 x^{5} \cos{\left(6 x \right)}}{972} + \frac{25025 x^{4} \sin{\left(6 x \right)}}{5832} + \frac{25025 x^{3} \cos{\left(6 x \right)}}{8748} - \frac{25025 x^{2} \sin{\left(6 x \right)}}{17496} - \frac{25025 x \cos{\left(6 x \right)}}{52488} + \frac{25025 \sin{\left(6 x \right)}}{314928}
IBP_n13_sin_b08_04,13,sin,8,"Evaluate the indefinite integral.

\int x^{13} \sin(8x)\,dx

Show all steps. Give the antiderivative (omit the constant of integration) inside \boxed{}.",- \frac{x^{13} \cos{\left(8 x \right)}}{8} + \frac{13 x^{12} \sin{\left(8 x \right)}}{64} + \frac{39 x^{11} \cos{\left(8 x \right)}}{128} - \frac{429 x^{10} \sin{\left(8 x \right)}}{1024} - \frac{2145 x^{9} \cos{\left(8 x \right)}}{4096} + \frac{19305 x^{8} \sin{\left(8 x \right)}}{32768} + \frac{19305 x^{7} \cos{\left(8 x \right)}}{32768} - \frac{135135 x^{6} \sin{\left(8 x \right)}}{262144} - \frac{405405 x^{5} \cos{\left(8 x \right)}}{1048576} + \frac{2027025 x^{4} \sin{\left(8 x \right)}}{8388608} + \frac{2027025 x^{3} \cos{\left(8 x \right)}}{16777216} - \frac{6081075 x^{2} \sin{\left(8 x \right)}}{134217728} - \frac{6081075 x \cos{\left(8 x \right)}}{536870912} + \frac{6081075 \sin{\left(8 x \right)}}{4294967296}
IBP_n13_sin_b02_05,13,sin,2,"Evaluate the indefinite integral.

\int x^{13} \sin(2x)\,dx

Show all steps. Give the antiderivative (omit the constant of integration) inside \boxed{}.",- \frac{x^{13} \cos{\left(2 x \right)}}{2} + \frac{13 x^{12} \sin{\left(2 x \right)}}{4} + \frac{39 x^{11} \cos{\left(2 x \right)}}{2} - \frac{429 x^{10} \sin{\left(2 x \right)}}{4} - \frac{2145 x^{9} \cos{\left(2 x \right)}}{4} + \frac{19305 x^{8} \sin{\left(2 x \right)}}{8} + \frac{19305 x^{7} \cos{\left(2 x \right)}}{2} - \frac{135135 x^{6} \sin{\left(2 x \right)}}{4} - \frac{405405 x^{5} \cos{\left(2 x \right)}}{4} + \frac{2027025 x^{4} \sin{\left(2 x \right)}}{8} + \frac{2027025 x^{3} \cos{\left(2 x \right)}}{4} - \frac{6081075 x^{2} \sin{\left(2 x \right)}}{8} - \frac{6081075 x \cos{\left(2 x \right)}}{8} + \frac{6081075 \sin{\left(2 x \right)}}{16}
IBP_n13_sin_b07_06,13,sin,7,"Evaluate the indefinite integral.

\int x^{13} \sin(7x)\,dx

Show all steps. Give the antiderivative (omit the constant of integration) inside \boxed{}.",- \frac{x^{13} \cos{\left(7 x \right)}}{7} + \frac{13 x^{12} \sin{\left(7 x \right)}}{49} + \frac{156 x^{11} \cos{\left(7 x \right)}}{343} - \frac{1716 x^{10} \sin{\left(7 x \right)}}{2401} - \frac{17160 x^{9} \cos{\left(7 x \right)}}{16807} + \frac{154440 x^{8} \sin{\left(7 x \right)}}{117649} + \frac{1235520 x^{7} \cos{\left(7 x \right)}}{823543} - \frac{1235520 x^{6} \sin{\left(7 x \right)}}{823543} - \frac{7413120 x^{5} \cos{\left(7 x \right)}}{5764801} + \frac{37065600 x^{4} \sin{\left(7 x \right)}}{40353607} + \frac{148262400 x^{3} \cos{\left(7 x \right)}}{282475249} - \frac{444787200 x^{2} \sin{\left(7 x \right)}}{1977326743} - \frac{889574400 x \cos{\left(7 x \right)}}{13841287201} + \frac{889574400 \sin{\left(7 x \right)}}{96889010407}
IBP_n13_sin_b09_07,13,sin,9,"Evaluate the indefinite integral.

\int x^{13} \sin(9x)\,dx

Show all steps. Give the antiderivative (omit the constant of integration) inside \boxed{}.",- \frac{x^{13} \cos{\left(9 x \right)}}{9} + \frac{13 x^{12} \sin{\left(9 x \right)}}{81} + \frac{52 x^{11} \cos{\left(9 x \right)}}{243} - \frac{572 x^{10} \sin{\left(9 x \right)}}{2187} - \frac{5720 x^{9} \cos{\left(9 x \right)}}{19683} + \frac{5720 x^{8} \sin{\left(9 x \right)}}{19683} + \frac{45760 x^{7} \cos{\left(9 x \right)}}{177147} - \frac{320320 x^{6} \sin{\left(9 x \right)}}{1594323} - \frac{640640 x^{5} \cos{\left(9 x \right)}}{4782969} + \frac{3203200 x^{4} \sin{\left(9 x \right)}}{43046721} + \frac{12812800 x^{3} \cos{\left(9 x \right)}}{387420489} - \frac{12812800 x^{2} \sin{\left(9 x \right)}}{1162261467} - \frac{25625600 x \cos{\left(9 x \right)}}{10460353203} + \frac{25625600 \sin{\left(9 x \right)}}{94143178827}
IBP_n13_sin_b10_08,13,sin,10,"Evaluate the indefinite integral.

\int x^{13} \sin(10x)\,dx

Show all steps. Give the antiderivative (omit the constant of integration) inside \boxed{}.",- \frac{x^{13} \cos{\left(10 x \right)}}{10} + \frac{13 x^{12} \sin{\left(10 x \right)}}{100} + \frac{39 x^{11} \cos{\left(10 x \right)}}{250} - \frac{429 x^{10} \sin{\left(10 x \right)}}{2500} - \frac{429 x^{9} \cos{\left(10 x \right)}}{2500} + \frac{3861 x^{8} \sin{\left(10 x \right)}}{25000} + \frac{3861 x^{7} \cos{\left(10 x \right)}}{31250} - \frac{27027 x^{6} \sin{\left(10 x \right)}}{312500} - \frac{81081 x^{5} \cos{\left(10 x \right)}}{1562500} + \frac{81081 x^{4} \sin{\left(10 x \right)}}{3125000} + \frac{81081 x^{3} \cos{\left(10 x \right)}}{7812500} - \frac{243243 x^{2} \sin{\left(10 x \right)}}{78125000} - \frac{243243 x \cos{\left(10 x \right)}}{390625000} + \frac{243243 \sin{\left(10 x \right)}}{3906250000}
IBP_n13_sin_b03_09,13,sin,3,"Evaluate the indefinite integral.

\int x^{13} \sin(3x)\,dx

Show all steps. Give the antiderivative (omit the constant of integration) inside \boxed{}.",- \frac{x^{13} \cos{\left(3 x \right)}}{3} + \frac{13 x^{12} \sin{\left(3 x \right)}}{9} + \frac{52 x^{11} \cos{\left(3 x \right)}}{9} - \frac{572 x^{10} \sin{\left(3 x \right)}}{27} - \frac{5720 x^{9} \cos{\left(3 x \right)}}{81} + \frac{5720 x^{8} \sin{\left(3 x \right)}}{27} + \frac{45760 x^{7} \cos{\left(3 x \right)}}{81} - \frac{320320 x^{6} \sin{\left(3 x \right)}}{243} - \frac{640640 x^{5} \cos{\left(3 x \right)}}{243} + \frac{3203200 x^{4} \sin{\left(3 x \right)}}{729} + \frac{12812800 x^{3} \cos{\left(3 x \right)}}{2187} - \frac{12812800 x^{2} \sin{\left(3 x \right)}}{2187} - \frac{25625600 x \cos{\left(3 x \right)}}{6561} + \frac{25625600 \sin{\left(3 x \right)}}{19683}
IBP_n13_cos_b05_00,13,cos,5,"Evaluate the indefinite integral.

\int x^{13} \cos(5x)\,dx

Show all steps. Give the antiderivative (omit the constant of integration) inside \boxed{}.",\frac{x^{13} \sin{\left(5 x \right)}}{5} + \frac{13 x^{12} \cos{\left(5 x \right)}}{25} - \frac{156 x^{11} \sin{\left(5 x \right)}}{125} - \frac{1716 x^{10} \cos{\left(5 x \right)}}{625} + \frac{3432 x^{9} \sin{\left(5 x \right)}}{625} + \frac{30888 x^{8} \cos{\left(5 x \right)}}{3125} - \frac{247104 x^{7} \sin{\left(5 x \right)}}{15625} - \frac{1729728 x^{6} \cos{\left(5 x \right)}}{78125} + \frac{10378368 x^{5} \sin{\left(5 x \right)}}{390625} + \frac{10378368 x^{4} \cos{\left(5 x \right)}}{390625} - \frac{41513472 x^{3} \sin{\left(5 x \right)}}{1953125} - \frac{124540416 x^{2} \cos{\left(5 x \right)}}{9765625} + \frac{249080832 x \sin{\left(5 x \right)}}{48828125} + \frac{249080832 \cos{\left(5 x \right)}}{244140625}
IBP_n13_cos_b07_01,13,cos,7,"Evaluate the indefinite integral.

\int x^{13} \cos(7x)\,dx

Show all steps. Give the antiderivative (omit the constant of integration) inside \boxed{}.",\frac{x^{13} \sin{\left(7 x \right)}}{7} + \frac{13 x^{12} \cos{\left(7 x \right)}}{49} - \frac{156 x^{11} \sin{\left(7 x \right)}}{343} - \frac{1716 x^{10} \cos{\left(7 x \right)}}{2401} + \frac{17160 x^{9} \sin{\left(7 x \right)}}{16807} + \frac{154440 x^{8} \cos{\left(7 x \right)}}{117649} - \frac{1235520 x^{7} \sin{\left(7 x \right)}}{823543} - \frac{1235520 x^{6} \cos{\left(7 x \right)}}{823543} + \frac{7413120 x^{5} \sin{\left(7 x \right)}}{5764801} + \frac{37065600 x^{4} \cos{\left(7 x \right)}}{40353607} - \frac{148262400 x^{3} \sin{\left(7 x \right)}}{282475249} - \frac{444787200 x^{2} \cos{\left(7 x \right)}}{1977326743} + \frac{889574400 x \sin{\left(7 x \right)}}{13841287201} + \frac{889574400 \cos{\left(7 x \right)}}{96889010407}
IBP_n13_cos_b01_02,13,cos,1,"Evaluate the indefinite integral.

\int x^{13} \cos(x)\,dx

Show all steps. Give the antiderivative (omit the constant of integration) inside \boxed{}.",x^{13} \sin{\left(x \right)} + 13 x^{12} \cos{\left(x \right)} - 156 x^{11} \sin{\left(x \right)} - 1716 x^{10} \cos{\left(x \right)} + 17160 x^{9} \sin{\left(x \right)} + 154440 x^{8} \cos{\left(x \right)} - 1235520 x^{7} \sin{\left(x \right)} - 8648640 x^{6} \cos{\left(x \right)} + 51891840 x^{5} \sin{\left(x \right)} + 259459200 x^{4} \cos{\left(x \right)} - 1037836800 x^{3} \sin{\left(x \right)} - 3113510400 x^{2} \cos{\left(x \right)} + 6227020800 x \sin{\left(x \right)} + 6227020800 \cos{\left(x \right)}
IBP_n13_cos_b02_03,13,cos,2,"Evaluate the indefinite integral.

\int x^{13} \cos(2x)\,dx

Show all steps. Give the antiderivative (omit the constant of integration) inside \boxed{}.",\frac{x^{13} \sin{\left(2 x \right)}}{2} + \frac{13 x^{12} \cos{\left(2 x \right)}}{4} - \frac{39 x^{11} \sin{\left(2 x \right)}}{2} - \frac{429 x^{10} \cos{\left(2 x \right)}}{4} + \frac{2145 x^{9} \sin{\left(2 x \right)}}{4} + \frac{19305 x^{8} \cos{\left(2 x \right)}}{8} - \frac{19305 x^{7} \sin{\left(2 x \right)}}{2} - \frac{135135 x^{6} \cos{\left(2 x \right)}}{4} + \frac{405405 x^{5} \sin{\left(2 x \right)}}{4} + \frac{2027025 x^{4} \cos{\left(2 x \right)}}{8} - \frac{2027025 x^{3} \sin{\left(2 x \right)}}{4} - \frac{6081075 x^{2} \cos{\left(2 x \right)}}{8} + \frac{6081075 x \sin{\left(2 x \right)}}{8} + \frac{6081075 \cos{\left(2 x \right)}}{16}
IBP_n13_cos_b04_04,13,cos,4,"Evaluate the indefinite integral.

\int x^{13} \cos(4x)\,dx

Show all steps. Give the antiderivative (omit the constant of integration) inside \boxed{}.",\frac{x^{13} \sin{\left(4 x \right)}}{4} + \frac{13 x^{12} \cos{\left(4 x \right)}}{16} - \frac{39 x^{11} \sin{\left(4 x \right)}}{16} - \frac{429 x^{10} \cos{\left(4 x \right)}}{64} + \frac{2145 x^{9} \sin{\left(4 x \right)}}{128} + \frac{19305 x^{8} \cos{\left(4 x \right)}}{512} - \frac{19305 x^{7} \sin{\left(4 x \right)}}{256} - \frac{135135 x^{6} \cos{\left(4 x \right)}}{1024} + \frac{405405 x^{5} \sin{\left(4 x \right)}}{2048} + \frac{2027025 x^{4} \cos{\left(4 x \right)}}{8192} - \frac{2027025 x^{3} \sin{\left(4 x \right)}}{8192} - \frac{6081075 x^{2} \cos{\left(4 x \right)}}{32768} + \frac{6081075 x \sin{\left(4 x \right)}}{65536} + \frac{6081075 \cos{\left(4 x \right)}}{262144}
IBP_n13_cos_b08_05,13,cos,8,"Evaluate the indefinite integral.

\int x^{13} \cos(8x)\,dx

Show all steps. Give the antiderivative (omit the constant of integration) inside \boxed{}.",\frac{x^{13} \sin{\left(8 x \right)}}{8} + \frac{13 x^{12} \cos{\left(8 x \right)}}{64} - \frac{39 x^{11} \sin{\left(8 x \right)}}{128} - \frac{429 x^{10} \cos{\left(8 x \right)}}{1024} + \frac{2145 x^{9} \sin{\left(8 x \right)}}{4096} + \frac{19305 x^{8} \cos{\left(8 x \right)}}{32768} - \frac{19305 x^{7} \sin{\left(8 x \right)}}{32768} - \frac{135135 x^{6} \cos{\left(8 x \right)}}{262144} + \frac{405405 x^{5} \sin{\left(8 x \right)}}{1048576} + \frac{2027025 x^{4} \cos{\left(8 x \right)}}{8388608} - \frac{2027025 x^{3} \sin{\left(8 x \right)}}{16777216} - \frac{6081075 x^{2} \cos{\left(8 x \right)}}{134217728} + \frac{6081075 x \sin{\left(8 x \right)}}{536870912} + \frac{6081075 \cos{\left(8 x \right)}}{4294967296}
IBP_n13_cos_b03_06,13,cos,3,"Evaluate the indefinite integral.

\int x^{13} \cos(3x)\,dx

Show all steps. Give the antiderivative (omit the constant of integration) inside \boxed{}.",\frac{x^{13} \sin{\left(3 x \right)}}{3} + \frac{13 x^{12} \cos{\left(3 x \right)}}{9} - \frac{52 x^{11} \sin{\left(3 x \right)}}{9} - \frac{572 x^{10} \cos{\left(3 x \right)}}{27} + \frac{5720 x^{9} \sin{\left(3 x \right)}}{81} + \frac{5720 x^{8} \cos{\left(3 x \right)}}{27} - \frac{45760 x^{7} \sin{\left(3 x \right)}}{81} - \frac{320320 x^{6} \cos{\left(3 x \right)}}{243} + \frac{640640 x^{5} \sin{\left(3 x \right)}}{243} + \frac{3203200 x^{4} \cos{\left(3 x \right)}}{729} - \frac{12812800 x^{3} \sin{\left(3 x \right)}}{2187} - \frac{12812800 x^{2} \cos{\left(3 x \right)}}{2187} + \frac{25625600 x \sin{\left(3 x \right)}}{6561} + \frac{25625600 \cos{\left(3 x \right)}}{19683}
IBP_n13_cos_b10_07,13,cos,10,"Evaluate the indefinite integral.

\int x^{13} \cos(10x)\,dx

Show all steps. Give the antiderivative (omit the constant of integration) inside \boxed{}.",\frac{x^{13} \sin{\left(10 x \right)}}{10} + \frac{13 x^{12} \cos{\left(10 x \right)}}{100} - \frac{39 x^{11} \sin{\left(10 x \right)}}{250} - \frac{429 x^{10} \cos{\left(10 x \right)}}{2500} + \frac{429 x^{9} \sin{\left(10 x \right)}}{2500} + \frac{3861 x^{8} \cos{\left(10 x \right)}}{25000} - \frac{3861 x^{7} \sin{\left(10 x \right)}}{31250} - \frac{27027 x^{6} \cos{\left(10 x \right)}}{312500} + \frac{81081 x^{5} \sin{\left(10 x \right)}}{1562500} + \frac{81081 x^{4} \cos{\left(10 x \right)}}{3125000} - \frac{81081 x^{3} \sin{\left(10 x \right)}}{7812500} - \frac{243243 x^{2} \cos{\left(10 x \right)}}{78125000} + \frac{243243 x \sin{\left(10 x \right)}}{390625000} + \frac{243243 \cos{\left(10 x \right)}}{3906250000}
IBP_n13_cos_b06_08,13,cos,6,"Evaluate the indefinite integral.

\int x^{13} \cos(6x)\,dx

Show all steps. Give the antiderivative (omit the constant of integration) inside \boxed{}.",\frac{x^{13} \sin{\left(6 x \right)}}{6} + \frac{13 x^{12} \cos{\left(6 x \right)}}{36} - \frac{13 x^{11} \sin{\left(6 x \right)}}{18} - \frac{143 x^{10} \cos{\left(6 x \right)}}{108} + \frac{715 x^{9} \sin{\left(6 x \right)}}{324} + \frac{715 x^{8} \cos{\left(6 x \right)}}{216} - \frac{715 x^{7} \sin{\left(6 x \right)}}{162} - \frac{5005 x^{6} \cos{\left(6 x \right)}}{972} + \frac{5005 x^{5} \sin{\left(6 x \right)}}{972} + \frac{25025 x^{4} \cos{\left(6 x \right)}}{5832} - \frac{25025 x^{3} \sin{\left(6 x \right)}}{8748} - \frac{25025 x^{2} \cos{\left(6 x \right)}}{17496} + \frac{25025 x \sin{\left(6 x \right)}}{52488} + \frac{25025 \cos{\left(6 x \right)}}{314928}
IBP_n13_cos_b09_09,13,cos,9,"Evaluate the indefinite integral.

\int x^{13} \cos(9x)\,dx

Show all steps. Give the antiderivative (omit the constant of integration) inside \boxed{}.",\frac{x^{13} \sin{\left(9 x \right)}}{9} + \frac{13 x^{12} \cos{\left(9 x \right)}}{81} - \frac{52 x^{11} \sin{\left(9 x \right)}}{243} - \frac{572 x^{10} \cos{\left(9 x \right)}}{2187} + \frac{5720 x^{9} \sin{\left(9 x \right)}}{19683} + \frac{5720 x^{8} \cos{\left(9 x \right)}}{19683} - \frac{45760 x^{7} \sin{\left(9 x \right)}}{177147} - \frac{320320 x^{6} \cos{\left(9 x \right)}}{1594323} + \frac{640640 x^{5} \sin{\left(9 x \right)}}{4782969} + \frac{3203200 x^{4} \cos{\left(9 x \right)}}{43046721} - \frac{12812800 x^{3} \sin{\left(9 x \right)}}{387420489} - \frac{12812800 x^{2} \cos{\left(9 x \right)}}{1162261467} + \frac{25625600 x \sin{\left(9 x \right)}}{10460353203} + \frac{25625600 \cos{\left(9 x \right)}}{94143178827}
IBP_n14_sin_b09_00,14,sin,9,"Evaluate the indefinite integral.

\int x^{14} \sin(9x)\,dx

Show all steps. Give the antiderivative (omit the constant of integration) inside \boxed{}.",- \frac{x^{14} \cos{\left(9 x \right)}}{9} + \frac{14 x^{13} \sin{\left(9 x \right)}}{81} + \frac{182 x^{12} \cos{\left(9 x \right)}}{729} - \frac{728 x^{11} \sin{\left(9 x \right)}}{2187} - \frac{8008 x^{10} \cos{\left(9 x \right)}}{19683} + \frac{80080 x^{9} \sin{\left(9 x \right)}}{177147} + \frac{80080 x^{8} \cos{\left(9 x \right)}}{177147} - \frac{640640 x^{7} \sin{\left(9 x \right)}}{1594323} - \frac{4484480 x^{6} \cos{\left(9 x \right)}}{14348907} + \frac{8968960 x^{5} \sin{\left(9 x \right)}}{43046721} + \frac{44844800 x^{4} \cos{\left(9 x \right)}}{387420489} - \frac{179379200 x^{3} \sin{\left(9 x \right)}}{3486784401} - \frac{179379200 x^{2} \cos{\left(9 x \right)}}{10460353203} + \frac{358758400 x \sin{\left(9 x \right)}}{94143178827} + \frac{358758400 \cos{\left(9 x \right)}}{847288609443}
IBP_n14_sin_b04_01,14,sin,4,"Evaluate the indefinite integral.

\int x^{14} \sin(4x)\,dx

Show all steps. Give the antiderivative (omit the constant of integration) inside \boxed{}.",- \frac{x^{14} \cos{\left(4 x \right)}}{4} + \frac{7 x^{13} \sin{\left(4 x \right)}}{8} + \frac{91 x^{12} \cos{\left(4 x \right)}}{32} - \frac{273 x^{11} \sin{\left(4 x \right)}}{32} - \frac{3003 x^{10} \cos{\left(4 x \right)}}{128} + \frac{15015 x^{9} \sin{\left(4 x \right)}}{256} + \frac{135135 x^{8} \cos{\left(4 x \right)}}{1024} - \frac{135135 x^{7} \sin{\left(4 x \right)}}{512} - \frac{945945 x^{6} \cos{\left(4 x \right)}}{2048} + \frac{2837835 x^{5} \sin{\left(4 x \right)}}{4096} + \frac{14189175 x^{4} \cos{\left(4 x \right)}}{16384} - \frac{14189175 x^{3} \sin{\left(4 x \right)}}{16384} - \frac{42567525 x^{2} \cos{\left(4 x \right)}}{65536} + \frac{42567525 x \sin{\left(4 x \right)}}{131072} + \frac{42567525 \cos{\left(4 x \right)}}{524288}
IBP_n14_sin_b01_02,14,sin,1,"Evaluate the indefinite integral.

\int x^{14} \sin(x)\,dx

Show all steps. Give the antiderivative (omit the constant of integration) inside \boxed{}.",- x^{14} \cos{\left(x \right)} + 14 x^{13} \sin{\left(x \right)} + 182 x^{12} \cos{\left(x \right)} - 2184 x^{11} \sin{\left(x \right)} - 24024 x^{10} \cos{\left(x \right)} + 240240 x^{9} \sin{\left(x \right)} + 2162160 x^{8} \cos{\left(x \right)} - 17297280 x^{7} \sin{\left(x \right)} - 121080960 x^{6} \cos{\left(x \right)} + 726485760 x^{5} \sin{\left(x \right)} + 3632428800 x^{4} \cos{\left(x \right)} - 14529715200 x^{3} \sin{\left(x \right)} - 43589145600 x^{2} \cos{\left(x \right)} + 87178291200 x \sin{\left(x \right)} + 87178291200 \cos{\left(x \right)}
IBP_n14_sin_b06_03,14,sin,6,"Evaluate the indefinite integral.

\int x^{14} \sin(6x)\,dx

Show all steps. Give the antiderivative (omit the constant of integration) inside \boxed{}.",- \frac{x^{14} \cos{\left(6 x \right)}}{6} + \frac{7 x^{13} \sin{\left(6 x \right)}}{18} + \frac{91 x^{12} \cos{\left(6 x \right)}}{108} - \frac{91 x^{11} \sin{\left(6 x \right)}}{54} - \frac{1001 x^{10} \cos{\left(6 x \right)}}{324} + \frac{5005 x^{9} \sin{\left(6 x \right)}}{972} + \frac{5005 x^{8} \cos{\left(6 x \right)}}{648} - \frac{5005 x^{7} \sin{\left(6 x \right)}}{486} - \frac{35035 x^{6} \cos{\left(6 x \right)}}{2916} + \frac{35035 x^{5} \sin{\left(6 x \right)}}{2916} + \frac{175175 x^{4} \cos{\left(6 x \right)}}{17496} - \frac{175175 x^{3} \sin{\left(6 x \right)}}{26244} - \frac{175175 x^{2} \cos{\left(6 x \right)}}{52488} + \frac{175175 x \sin{\left(6 x \right)}}{157464} + \frac{175175 \cos{\left(6 x \right)}}{944784}
IBP_n14_sin_b03_04,14,sin,3,"Evaluate the indefinite integral.

\int x^{14} \sin(3x)\,dx

Show all steps. Give the antiderivative (omit the constant of integration) inside \boxed{}.",- \frac{x^{14} \cos{\left(3 x \right)}}{3} + \frac{14 x^{13} \sin{\left(3 x \right)}}{9} + \frac{182 x^{12} \cos{\left(3 x \right)}}{27} - \frac{728 x^{11} \sin{\left(3 x \right)}}{27} - \frac{8008 x^{10} \cos{\left(3 x \right)}}{81} + \frac{80080 x^{9} \sin{\left(3 x \right)}}{243} + \frac{80080 x^{8} \cos{\left(3 x \right)}}{81} - \frac{640640 x^{7} \sin{\left(3 x \right)}}{243} - \frac{4484480 x^{6} \cos{\left(3 x \right)}}{729} + \frac{8968960 x^{5} \sin{\left(3 x \right)}}{729} + \frac{44844800 x^{4} \cos{\left(3 x \right)}}{2187} - \frac{179379200 x^{3} \sin{\left(3 x \right)}}{6561} - \frac{179379200 x^{2} \cos{\left(3 x \right)}}{6561} + \frac{358758400 x \sin{\left(3 x \right)}}{19683} + \frac{358758400 \cos{\left(3 x \right)}}{59049}
IBP_n14_sin_b05_05,14,sin,5,"Evaluate the indefinite integral.

\int x^{14} \sin(5x)\,dx

Show all steps. Give the antiderivative (omit the constant of integration) inside \boxed{}.",- \frac{x^{14} \cos{\left(5 x \right)}}{5} + \frac{14 x^{13} \sin{\left(5 x \right)}}{25} + \frac{182 x^{12} \cos{\left(5 x \right)}}{125} - \frac{2184 x^{11} \sin{\left(5 x \right)}}{625} - \frac{24024 x^{10} \cos{\left(5 x \right)}}{3125} + \frac{48048 x^{9} \sin{\left(5 x \right)}}{3125} + \frac{432432 x^{8} \cos{\left(5 x \right)}}{15625} - \frac{3459456 x^{7} \sin{\left(5 x \right)}}{78125} - \frac{24216192 x^{6} \cos{\left(5 x \right)}}{390625} + \frac{145297152 x^{5} \sin{\left(5 x \right)}}{1953125} + \frac{145297152 x^{4} \cos{\left(5 x \right)}}{1953125} - \frac{581188608 x^{3} \sin{\left(5 x \right)}}{9765625} - \frac{1743565824 x^{2} \cos{\left(5 x \right)}}{48828125} + \frac{3487131648 x \sin{\left(5 x \right)}}{244140625} + \frac{3487131648 \cos{\left(5 x \right)}}{1220703125}
IBP_n14_sin_b07_06,14,sin,7,"Evaluate the indefinite integral.

\int x^{14} \sin(7x)\,dx

Show all steps. Give the antiderivative (omit the constant of integration) inside \boxed{}.",- \frac{x^{14} \cos{\left(7 x \right)}}{7} + \frac{2 x^{13} \sin{\left(7 x \right)}}{7} + \frac{26 x^{12} \cos{\left(7 x \right)}}{49} - \frac{312 x^{11} \sin{\left(7 x \right)}}{343} - \frac{3432 x^{10} \cos{\left(7 x \right)}}{2401} + \frac{34320 x^{9} \sin{\left(7 x \right)}}{16807} + \frac{308880 x^{8} \cos{\left(7 x \right)}}{117649} - \frac{2471040 x^{7} \sin{\left(7 x \right)}}{823543} - \frac{2471040 x^{6} \cos{\left(7 x \right)}}{823543} + \frac{14826240 x^{5} \sin{\left(7 x \right)}}{5764801} + \frac{74131200 x^{4} \cos{\left(7 x \right)}}{40353607} - \frac{296524800 x^{3} \sin{\left(7 x \right)}}{282475249} - \frac{889574400 x^{2} \cos{\left(7 x \right)}}{1977326743} + \frac{1779148800 x \sin{\left(7 x \right)}}{13841287201} + \frac{1779148800 \cos{\left(7 x \right)}}{96889010407}
IBP_n14_sin_b10_07,14,sin,10,"Evaluate the indefinite integral.

\int x^{14} \sin(10x)\,dx

Show all steps. Give the antiderivative (omit the constant of integration) inside \boxed{}.",- \frac{x^{14} \cos{\left(10 x \right)}}{10} + \frac{7 x^{13} \sin{\left(10 x \right)}}{50} + \frac{91 x^{12} \cos{\left(10 x \right)}}{500} - \frac{273 x^{11} \sin{\left(10 x \right)}}{1250} - \frac{3003 x^{10} \cos{\left(10 x \right)}}{12500} + \frac{3003 x^{9} \sin{\left(10 x \right)}}{12500} + \frac{27027 x^{8} \cos{\left(10 x \right)}}{125000} - \frac{27027 x^{7} \sin{\left(10 x \right)}}{156250} - \frac{189189 x^{6} \cos{\left(10 x \right)}}{1562500} + \frac{567567 x^{5} \sin{\left(10 x \right)}}{7812500} + \frac{567567 x^{4} \cos{\left(10 x \right)}}{15625000} - \frac{567567 x^{3} \sin{\left(10 x \right)}}{39062500} - \frac{1702701 x^{2} \cos{\left(10 x \right)}}{390625000} + \frac{1702701 x \sin{\left(10 x \right)}}{1953125000} + \frac{1702701 \cos{\left(10 x \right)}}{19531250000}
IBP_n14_sin_b02_08,14,sin,2,"Evaluate the indefinite integral.

\int x^{14} \sin(2x)\,dx

Show all steps. Give the antiderivative (omit the constant of integration) inside \boxed{}.",- \frac{x^{14} \cos{\left(2 x \right)}}{2} + \frac{7 x^{13} \sin{\left(2 x \right)}}{2} + \frac{91 x^{12} \cos{\left(2 x \right)}}{4} - \frac{273 x^{11} \sin{\left(2 x \right)}}{2} - \frac{3003 x^{10} \cos{\left(2 x \right)}}{4} + \frac{15015 x^{9} \sin{\left(2 x \right)}}{4} + \frac{135135 x^{8} \cos{\left(2 x \right)}}{8} - \frac{135135 x^{7} \sin{\left(2 x \right)}}{2} - \frac{945945 x^{6} \cos{\left(2 x \right)}}{4} + \frac{2837835 x^{5} \sin{\left(2 x \right)}}{4} + \frac{14189175 x^{4} \cos{\left(2 x \right)}}{8} - \frac{14189175 x^{3} \sin{\left(2 x \right)}}{4} - \frac{42567525 x^{2} \cos{\left(2 x \right)}}{8} + \frac{42567525 x \sin{\left(2 x \right)}}{8} + \frac{42567525 \cos{\left(2 x \right)}}{16}
IBP_n14_sin_b08_09,14,sin,8,"Evaluate the indefinite integral.

\int x^{14} \sin(8x)\,dx

Show all steps. Give the antiderivative (omit the constant of integration) inside \boxed{}.",- \frac{x^{14} \cos{\left(8 x \right)}}{8} + \frac{7 x^{13} \sin{\left(8 x \right)}}{32} + \frac{91 x^{12} \cos{\left(8 x \right)}}{256} - \frac{273 x^{11} \sin{\left(8 x \right)}}{512} - \frac{3003 x^{10} \cos{\left(8 x \right)}}{4096} + \frac{15015 x^{9} \sin{\left(8 x \right)}}{16384} + \frac{135135 x^{8} \cos{\left(8 x \right)}}{131072} - \frac{135135 x^{7} \sin{\left(8 x \right)}}{131072} - \frac{945945 x^{6} \cos{\left(8 x \right)}}{1048576} + \frac{2837835 x^{5} \sin{\left(8 x \right)}}{4194304} + \frac{14189175 x^{4} \cos{\left(8 x \right)}}{33554432} - \frac{14189175 x^{3} \sin{\left(8 x \right)}}{67108864} - \frac{42567525 x^{2} \cos{\left(8 x \right)}}{536870912} + \frac{42567525 x \sin{\left(8 x \right)}}{2147483648} + \frac{42567525 \cos{\left(8 x \right)}}{17179869184}
IBP_n14_cos_b02_00,14,cos,2,"Evaluate the indefinite integral.

\int x^{14} \cos(2x)\,dx

Show all steps. Give the antiderivative (omit the constant of integration) inside \boxed{}.",\frac{x^{14} \sin{\left(2 x \right)}}{2} + \frac{7 x^{13} \cos{\left(2 x \right)}}{2} - \frac{91 x^{12} \sin{\left(2 x \right)}}{4} - \frac{273 x^{11} \cos{\left(2 x \right)}}{2} + \frac{3003 x^{10} \sin{\left(2 x \right)}}{4} + \frac{15015 x^{9} \cos{\left(2 x \right)}}{4} - \frac{135135 x^{8} \sin{\left(2 x \right)}}{8} - \frac{135135 x^{7} \cos{\left(2 x \right)}}{2} + \frac{945945 x^{6} \sin{\left(2 x \right)}}{4} + \frac{2837835 x^{5} \cos{\left(2 x \right)}}{4} - \frac{14189175 x^{4} \sin{\left(2 x \right)}}{8} - \frac{14189175 x^{3} \cos{\left(2 x \right)}}{4} + \frac{42567525 x^{2} \sin{\left(2 x \right)}}{8} + \frac{42567525 x \cos{\left(2 x \right)}}{8} - \frac{42567525 \sin{\left(2 x \right)}}{16}
IBP_n14_cos_b07_01,14,cos,7,"Evaluate the indefinite integral.

\int x^{14} \cos(7x)\,dx

Show all steps. Give the antiderivative (omit the constant of integration) inside \boxed{}.",\frac{x^{14} \sin{\left(7 x \right)}}{7} + \frac{2 x^{13} \cos{\left(7 x \right)}}{7} - \frac{26 x^{12} \sin{\left(7 x \right)}}{49} - \frac{312 x^{11} \cos{\left(7 x \right)}}{343} + \frac{3432 x^{10} \sin{\left(7 x \right)}}{2401} + \frac{34320 x^{9} \cos{\left(7 x \right)}}{16807} - \frac{308880 x^{8} \sin{\left(7 x \right)}}{117649} - \frac{2471040 x^{7} \cos{\left(7 x \right)}}{823543} + \frac{2471040 x^{6} \sin{\left(7 x \right)}}{823543} + \frac{14826240 x^{5} \cos{\left(7 x \right)}}{5764801} - \frac{74131200 x^{4} \sin{\left(7 x \right)}}{40353607} - \frac{296524800 x^{3} \cos{\left(7 x \right)}}{282475249} + \frac{889574400 x^{2} \sin{\left(7 x \right)}}{1977326743} + \frac{1779148800 x \cos{\left(7 x \right)}}{13841287201} - \frac{1779148800 \sin{\left(7 x \right)}}{96889010407}
IBP_n14_cos_b08_02,14,cos,8,"Evaluate the indefinite integral.

\int x^{14} \cos(8x)\,dx

Show all steps. Give the antiderivative (omit the constant of integration) inside \boxed{}.",\frac{x^{14} \sin{\left(8 x \right)}}{8} + \frac{7 x^{13} \cos{\left(8 x \right)}}{32} - \frac{91 x^{12} \sin{\left(8 x \right)}}{256} - \frac{273 x^{11} \cos{\left(8 x \right)}}{512} + \frac{3003 x^{10} \sin{\left(8 x \right)}}{4096} + \frac{15015 x^{9} \cos{\left(8 x \right)}}{16384} - \frac{135135 x^{8} \sin{\left(8 x \right)}}{131072} - \frac{135135 x^{7} \cos{\left(8 x \right)}}{131072} + \frac{945945 x^{6} \sin{\left(8 x \right)}}{1048576} + \frac{2837835 x^{5} \cos{\left(8 x \right)}}{4194304} - \frac{14189175 x^{4} \sin{\left(8 x \right)}}{33554432} - \frac{14189175 x^{3} \cos{\left(8 x \right)}}{67108864} + \frac{42567525 x^{2} \sin{\left(8 x \right)}}{536870912} + \frac{42567525 x \cos{\left(8 x \right)}}{2147483648} - \frac{42567525 \sin{\left(8 x \right)}}{17179869184}
IBP_n14_cos_b06_03,14,cos,6,"Evaluate the indefinite integral.

\int x^{14} \cos(6x)\,dx

Show all steps. Give the antiderivative (omit the constant of integration) inside \boxed{}.",\frac{x^{14} \sin{\left(6 x \right)}}{6} + \frac{7 x^{13} \cos{\left(6 x \right)}}{18} - \frac{91 x^{12} \sin{\left(6 x \right)}}{108} - \frac{91 x^{11} \cos{\left(6 x \right)}}{54} + \frac{1001 x^{10} \sin{\left(6 x \right)}}{324} + \frac{5005 x^{9} \cos{\left(6 x \right)}}{972} - \frac{5005 x^{8} \sin{\left(6 x \right)}}{648} - \frac{5005 x^{7} \cos{\left(6 x \right)}}{486} + \frac{35035 x^{6} \sin{\left(6 x \right)}}{2916} + \frac{35035 x^{5} \cos{\left(6 x \right)}}{2916} - \frac{175175 x^{4} \sin{\left(6 x \right)}}{17496} - \frac{175175 x^{3} \cos{\left(6 x \right)}}{26244} + \frac{175175 x^{2} \sin{\left(6 x \right)}}{52488} + \frac{175175 x \cos{\left(6 x \right)}}{157464} - \frac{175175 \sin{\left(6 x \right)}}{944784}
IBP_n14_cos_b03_04,14,cos,3,"Evaluate the indefinite integral.

\int x^{14} \cos(3x)\,dx

Show all steps. Give the antiderivative (omit the constant of integration) inside \boxed{}.",\frac{x^{14} \sin{\left(3 x \right)}}{3} + \frac{14 x^{13} \cos{\left(3 x \right)}}{9} - \frac{182 x^{12} \sin{\left(3 x \right)}}{27} - \frac{728 x^{11} \cos{\left(3 x \right)}}{27} + \frac{8008 x^{10} \sin{\left(3 x \right)}}{81} + \frac{80080 x^{9} \cos{\left(3 x \right)}}{243} - \frac{80080 x^{8} \sin{\left(3 x \right)}}{81} - \frac{640640 x^{7} \cos{\left(3 x \right)}}{243} + \frac{4484480 x^{6} \sin{\left(3 x \right)}}{729} + \frac{8968960 x^{5} \cos{\left(3 x \right)}}{729} - \frac{44844800 x^{4} \sin{\left(3 x \right)}}{2187} - \frac{179379200 x^{3} \cos{\left(3 x \right)}}{6561} + \frac{179379200 x^{2} \sin{\left(3 x \right)}}{6561} + \frac{358758400 x \cos{\left(3 x \right)}}{19683} - \frac{358758400 \sin{\left(3 x \right)}}{59049}
IBP_n14_cos_b09_05,14,cos,9,"Evaluate the indefinite integral.

\int x^{14} \cos(9x)\,dx

Show all steps. Give the antiderivative (omit the constant of integration) inside \boxed{}.",\frac{x^{14} \sin{\left(9 x \right)}}{9} + \frac{14 x^{13} \cos{\left(9 x \right)}}{81} - \frac{182 x^{12} \sin{\left(9 x \right)}}{729} - \frac{728 x^{11} \cos{\left(9 x \right)}}{2187} + \frac{8008 x^{10} \sin{\left(9 x \right)}}{19683} + \frac{80080 x^{9} \cos{\left(9 x \right)}}{177147} - \frac{80080 x^{8} \sin{\left(9 x \right)}}{177147} - \frac{640640 x^{7} \cos{\left(9 x \right)}}{1594323} + \frac{4484480 x^{6} \sin{\left(9 x \right)}}{14348907} + \frac{8968960 x^{5} \cos{\left(9 x \right)}}{43046721} - \frac{44844800 x^{4} \sin{\left(9 x \right)}}{387420489} - \frac{179379200 x^{3} \cos{\left(9 x \right)}}{3486784401} + \frac{179379200 x^{2} \sin{\left(9 x \right)}}{10460353203} + \frac{358758400 x \cos{\left(9 x \right)}}{94143178827} - \frac{358758400 \sin{\left(9 x \right)}}{847288609443}
IBP_n14_cos_b04_06,14,cos,4,"Evaluate the indefinite integral.

\int x^{14} \cos(4x)\,dx

Show all steps. Give the antiderivative (omit the constant of integration) inside \boxed{}.",\frac{x^{14} \sin{\left(4 x \right)}}{4} + \frac{7 x^{13} \cos{\left(4 x \right)}}{8} - \frac{91 x^{12} \sin{\left(4 x \right)}}{32} - \frac{273 x^{11} \cos{\left(4 x \right)}}{32} + \frac{3003 x^{10} \sin{\left(4 x \right)}}{128} + \frac{15015 x^{9} \cos{\left(4 x \right)}}{256} - \frac{135135 x^{8} \sin{\left(4 x \right)}}{1024} - \frac{135135 x^{7} \cos{\left(4 x \right)}}{512} + \frac{945945 x^{6} \sin{\left(4 x \right)}}{2048} + \frac{2837835 x^{5} \cos{\left(4 x \right)}}{4096} - \frac{14189175 x^{4} \sin{\left(4 x \right)}}{16384} - \frac{14189175 x^{3} \cos{\left(4 x \right)}}{16384} + \frac{42567525 x^{2} \sin{\left(4 x \right)}}{65536} + \frac{42567525 x \cos{\left(4 x \right)}}{131072} - \frac{42567525 \sin{\left(4 x \right)}}{524288}
IBP_n14_cos_b10_07,14,cos,10,"Evaluate the indefinite integral.

\int x^{14} \cos(10x)\,dx

Show all steps. Give the antiderivative (omit the constant of integration) inside \boxed{}.",\frac{x^{14} \sin{\left(10 x \right)}}{10} + \frac{7 x^{13} \cos{\left(10 x \right)}}{50} - \frac{91 x^{12} \sin{\left(10 x \right)}}{500} - \frac{273 x^{11} \cos{\left(10 x \right)}}{1250} + \frac{3003 x^{10} \sin{\left(10 x \right)}}{12500} + \frac{3003 x^{9} \cos{\left(10 x \right)}}{12500} - \frac{27027 x^{8} \sin{\left(10 x \right)}}{125000} - \frac{27027 x^{7} \cos{\left(10 x \right)}}{156250} + \frac{189189 x^{6} \sin{\left(10 x \right)}}{1562500} + \frac{567567 x^{5} \cos{\left(10 x \right)}}{7812500} - \frac{567567 x^{4} \sin{\left(10 x \right)}}{15625000} - \frac{567567 x^{3} \cos{\left(10 x \right)}}{39062500} + \frac{1702701 x^{2} \sin{\left(10 x \right)}}{390625000} + \frac{1702701 x \cos{\left(10 x \right)}}{1953125000} - \frac{1702701 \sin{\left(10 x \right)}}{19531250000}
IBP_n14_cos_b01_08,14,cos,1,"Evaluate the indefinite integral.

\int x^{14} \cos(x)\,dx

Show all steps. Give the antiderivative (omit the constant of integration) inside \boxed{}.",x^{14} \sin{\left(x \right)} + 14 x^{13} \cos{\left(x \right)} - 182 x^{12} \sin{\left(x \right)} - 2184 x^{11} \cos{\left(x \right)} + 24024 x^{10} \sin{\left(x \right)} + 240240 x^{9} \cos{\left(x \right)} - 2162160 x^{8} \sin{\left(x \right)} - 17297280 x^{7} \cos{\left(x \right)} + 121080960 x^{6} \sin{\left(x \right)} + 726485760 x^{5} \cos{\left(x \right)} - 3632428800 x^{4} \sin{\left(x \right)} - 14529715200 x^{3} \cos{\left(x \right)} + 43589145600 x^{2} \sin{\left(x \right)} + 87178291200 x \cos{\left(x \right)} - 87178291200 \sin{\left(x \right)}
IBP_n14_cos_b05_09,14,cos,5,"Evaluate the indefinite integral.

\int x^{14} \cos(5x)\,dx

Show all steps. Give the antiderivative (omit the constant of integration) inside \boxed{}.",\frac{x^{14} \sin{\left(5 x \right)}}{5} + \frac{14 x^{13} \cos{\left(5 x \right)}}{25} - \frac{182 x^{12} \sin{\left(5 x \right)}}{125} - \frac{2184 x^{11} \cos{\left(5 x \right)}}{625} + \frac{24024 x^{10} \sin{\left(5 x \right)}}{3125} + \frac{48048 x^{9} \cos{\left(5 x \right)}}{3125} - \frac{432432 x^{8} \sin{\left(5 x \right)}}{15625} - \frac{3459456 x^{7} \cos{\left(5 x \right)}}{78125} + \frac{24216192 x^{6} \sin{\left(5 x \right)}}{390625} + \frac{145297152 x^{5} \cos{\left(5 x \right)}}{1953125} - \frac{145297152 x^{4} \sin{\left(5 x \right)}}{1953125} - \frac{581188608 x^{3} \cos{\left(5 x \right)}}{9765625} + \frac{1743565824 x^{2} \sin{\left(5 x \right)}}{48828125} + \frac{3487131648 x \cos{\left(5 x \right)}}{244140625} - \frac{3487131648 \sin{\left(5 x \right)}}{1220703125}
IBP_n15_sin_b07_00,15,sin,7,"Evaluate the indefinite integral.

\int x^{15} \sin(7x)\,dx

Show all steps. Give the antiderivative (omit the constant of integration) inside \boxed{}.",- \frac{x^{15} \cos{\left(7 x \right)}}{7} + \frac{15 x^{14} \sin{\left(7 x \right)}}{49} + \frac{30 x^{13} \cos{\left(7 x \right)}}{49} - \frac{390 x^{12} \sin{\left(7 x \right)}}{343} - \frac{4680 x^{11} \cos{\left(7 x \right)}}{2401} + \frac{51480 x^{10} \sin{\left(7 x \right)}}{16807} + \frac{514800 x^{9} \cos{\left(7 x \right)}}{117649} - \frac{4633200 x^{8} \sin{\left(7 x \right)}}{823543} - \frac{37065600 x^{7} \cos{\left(7 x \right)}}{5764801} + \frac{37065600 x^{6} \sin{\left(7 x \right)}}{5764801} + \frac{222393600 x^{5} \cos{\left(7 x \right)}}{40353607} - \frac{1111968000 x^{4} \sin{\left(7 x \right)}}{282475249} - \frac{4447872000 x^{3} \cos{\left(7 x \right)}}{1977326743} + \frac{13343616000 x^{2} \sin{\left(7 x \right)}}{13841287201} + \frac{26687232000 x \cos{\left(7 x \right)}}{96889010407} - \frac{26687232000 \sin{\left(7 x \right)}}{678223072849}
IBP_n15_sin_b08_01,15,sin,8,"Evaluate the indefinite integral.

\int x^{15} \sin(8x)\,dx

Show all steps. Give the antiderivative (omit the constant of integration) inside \boxed{}.",- \frac{x^{15} \cos{\left(8 x \right)}}{8} + \frac{15 x^{14} \sin{\left(8 x \right)}}{64} + \frac{105 x^{13} \cos{\left(8 x \right)}}{256} - \frac{1365 x^{12} \sin{\left(8 x \right)}}{2048} - \frac{4095 x^{11} \cos{\left(8 x \right)}}{4096} + \frac{45045 x^{10} \sin{\left(8 x \right)}}{32768} + \frac{225225 x^{9} \cos{\left(8 x \right)}}{131072} - \frac{2027025 x^{8} \sin{\left(8 x \right)}}{1048576} - \frac{2027025 x^{7} \cos{\left(8 x \right)}}{1048576} + \frac{14189175 x^{6} \sin{\left(8 x \right)}}{8388608} + \frac{42567525 x^{5} \cos{\left(8 x \right)}}{33554432} - \frac{212837625 x^{4} \sin{\left(8 x \right)}}{268435456} - \frac{212837625 x^{3} \cos{\left(8 x \right)}}{536870912} + \frac{638512875 x^{2} \sin{\left(8 x \right)}}{4294967296} + \frac{638512875 x \cos{\left(8 x \right)}}{17179869184} - \frac{638512875 \sin{\left(8 x \right)}}{137438953472}
IBP_n15_sin_b09_02,15,sin,9,"Evaluate the indefinite integral.

\int x^{15} \sin(9x)\,dx

Show all steps. Give the antiderivative (omit the constant of integration) inside \boxed{}.",- \frac{x^{15} \cos{\left(9 x \right)}}{9} + \frac{5 x^{14} \sin{\left(9 x \right)}}{27} + \frac{70 x^{13} \cos{\left(9 x \right)}}{243} - \frac{910 x^{12} \sin{\left(9 x \right)}}{2187} - \frac{3640 x^{11} \cos{\left(9 x \right)}}{6561} + \frac{40040 x^{10} \sin{\left(9 x \right)}}{59049} + \frac{400400 x^{9} \cos{\left(9 x \right)}}{531441} - \frac{400400 x^{8} \sin{\left(9 x \right)}}{531441} - \frac{3203200 x^{7} \cos{\left(9 x \right)}}{4782969} + \frac{22422400 x^{6} \sin{\left(9 x \right)}}{43046721} + \frac{44844800 x^{5} \cos{\left(9 x \right)}}{129140163} - \frac{224224000 x^{4} \sin{\left(9 x \right)}}{1162261467} - \frac{896896000 x^{3} \cos{\left(9 x \right)}}{10460353203} + \frac{896896000 x^{2} \sin{\left(9 x \right)}}{31381059609} + \frac{1793792000 x \cos{\left(9 x \right)}}{282429536481} - \frac{1793792000 \sin{\left(9 x \right)}}{2541865828329}
IBP_n15_sin_b05_03,15,sin,5,"Evaluate the indefinite integral.

\int x^{15} \sin(5x)\,dx

Show all steps. Give the antiderivative (omit the constant of integration) inside \boxed{}.",- \frac{x^{15} \cos{\left(5 x \right)}}{5} + \frac{3 x^{14} \sin{\left(5 x \right)}}{5} + \frac{42 x^{13} \cos{\left(5 x \right)}}{25} - \frac{546 x^{12} \sin{\left(5 x \right)}}{125} - \frac{6552 x^{11} \cos{\left(5 x \right)}}{625} + \frac{72072 x^{10} \sin{\left(5 x \right)}}{3125} + \frac{144144 x^{9} \cos{\left(5 x \right)}}{3125} - \frac{1297296 x^{8} \sin{\left(5 x \right)}}{15625} - \frac{10378368 x^{7} \cos{\left(5 x \right)}}{78125} + \frac{72648576 x^{6} \sin{\left(5 x \right)}}{390625} + \frac{435891456 x^{5} \cos{\left(5 x \right)}}{1953125} - \frac{435891456 x^{4} \sin{\left(5 x \right)}}{1953125} - \frac{1743565824 x^{3} \cos{\left(5 x \right)}}{9765625} + \frac{5230697472 x^{2} \sin{\left(5 x \right)}}{48828125} + \frac{10461394944 x \cos{\left(5 x \right)}}{244140625} - \frac{10461394944 \sin{\left(5 x \right)}}{1220703125}
IBP_n15_sin_b01_04,15,sin,1,"Evaluate the indefinite integral.

\int x^{15} \sin(x)\,dx

Show all steps. Give the antiderivative (omit the constant of integration) inside \boxed{}.",- x^{15} \cos{\left(x \right)} + 15 x^{14} \sin{\left(x \right)} + 210 x^{13} \cos{\left(x \right)} - 2730 x^{12} \sin{\left(x \right)} - 32760 x^{11} \cos{\left(x \right)} + 360360 x^{10} \sin{\left(x \right)} + 3603600 x^{9} \cos{\left(x \right)} - 32432400 x^{8} \sin{\left(x \right)} - 259459200 x^{7} \cos{\left(x \right)} + 1816214400 x^{6} \sin{\left(x \right)} + 10897286400 x^{5} \cos{\left(x \right)} - 54486432000 x^{4} \sin{\left(x \right)} - 217945728000 x^{3} \cos{\left(x \right)} + 653837184000 x^{2} \sin{\left(x \right)} + 1307674368000 x \cos{\left(x \right)} - 1307674368000 \sin{\left(x \right)}
IBP_n15_sin_b03_05,15,sin,3,"Evaluate the indefinite integral.

\int x^{15} \sin(3x)\,dx

Show all steps. Give the antiderivative (omit the constant of integration) inside \boxed{}.",- \frac{x^{15} \cos{\left(3 x \right)}}{3} + \frac{5 x^{14} \sin{\left(3 x \right)}}{3} + \frac{70 x^{13} \cos{\left(3 x \right)}}{9} - \frac{910 x^{12} \sin{\left(3 x \right)}}{27} - \frac{3640 x^{11} \cos{\left(3 x \right)}}{27} + \frac{40040 x^{10} \sin{\left(3 x \right)}}{81} + \frac{400400 x^{9} \cos{\left(3 x \right)}}{243} - \frac{400400 x^{8} \sin{\left(3 x \right)}}{81} - \frac{3203200 x^{7} \cos{\left(3 x \right)}}{243} + \frac{22422400 x^{6} \sin{\left(3 x \right)}}{729} + \frac{44844800 x^{5} \cos{\left(3 x \right)}}{729} - \frac{224224000 x^{4} \sin{\left(3 x \right)}}{2187} - \frac{896896000 x^{3} \cos{\left(3 x \right)}}{6561} + \frac{896896000 x^{2} \sin{\left(3 x \right)}}{6561} + \frac{1793792000 x \cos{\left(3 x \right)}}{19683} - \frac{1793792000 \sin{\left(3 x \right)}}{59049}
IBP_n15_sin_b02_06,15,sin,2,"Evaluate the indefinite integral.

\int x^{15} \sin(2x)\,dx

Show all steps. Give the antiderivative (omit the constant of integration) inside \boxed{}.",- \frac{x^{15} \cos{\left(2 x \right)}}{2} + \frac{15 x^{14} \sin{\left(2 x \right)}}{4} + \frac{105 x^{13} \cos{\left(2 x \right)}}{4} - \frac{1365 x^{12} \sin{\left(2 x \right)}}{8} - \frac{4095 x^{11} \cos{\left(2 x \right)}}{4} + \frac{45045 x^{10} \sin{\left(2 x \right)}}{8} + \frac{225225 x^{9} \cos{\left(2 x \right)}}{8} - \frac{2027025 x^{8} \sin{\left(2 x \right)}}{16} - \frac{2027025 x^{7} \cos{\left(2 x \right)}}{4} + \frac{14189175 x^{6} \sin{\left(2 x \right)}}{8} + \frac{42567525 x^{5} \cos{\left(2 x \right)}}{8} - \frac{212837625 x^{4} \sin{\left(2 x \right)}}{16} - \frac{212837625 x^{3} \cos{\left(2 x \right)}}{8} + \frac{638512875 x^{2} \sin{\left(2 x \right)}}{16} + \frac{638512875 x \cos{\left(2 x \right)}}{16} - \frac{638512875 \sin{\left(2 x \right)}}{32}
IBP_n15_sin_b10_07,15,sin,10,"Evaluate the indefinite integral.

\int x^{15} \sin(10x)\,dx

Show all steps. Give the antiderivative (omit the constant of integration) inside \boxed{}.",- \frac{x^{15} \cos{\left(10 x \right)}}{10} + \frac{3 x^{14} \sin{\left(10 x \right)}}{20} + \frac{21 x^{13} \cos{\left(10 x \right)}}{100} - \frac{273 x^{12} \sin{\left(10 x \right)}}{1000} - \frac{819 x^{11} \cos{\left(10 x \right)}}{2500} + \frac{9009 x^{10} \sin{\left(10 x \right)}}{25000} + \frac{9009 x^{9} \cos{\left(10 x \right)}}{25000} - \frac{81081 x^{8} \sin{\left(10 x \right)}}{250000} - \frac{81081 x^{7} \cos{\left(10 x \right)}}{312500} + \frac{567567 x^{6} \sin{\left(10 x \right)}}{3125000} + \frac{1702701 x^{5} \cos{\left(10 x \right)}}{15625000} - \frac{1702701 x^{4} \sin{\left(10 x \right)}}{31250000} - \frac{1702701 x^{3} \cos{\left(10 x \right)}}{78125000} + \frac{5108103 x^{2} \sin{\left(10 x \right)}}{781250000} + \frac{5108103 x \cos{\left(10 x \right)}}{3906250000} - \frac{5108103 \sin{\left(10 x \right)}}{39062500000}
IBP_n15_sin_b04_08,15,sin,4,"Evaluate the indefinite integral.

\int x^{15} \sin(4x)\,dx

Show all steps. Give the antiderivative (omit the constant of integration) inside \boxed{}.",- \frac{x^{15} \cos{\left(4 x \right)}}{4} + \frac{15 x^{14} \sin{\left(4 x \right)}}{16} + \frac{105 x^{13} \cos{\left(4 x \right)}}{32} - \frac{1365 x^{12} \sin{\left(4 x \right)}}{128} - \frac{4095 x^{11} \cos{\left(4 x \right)}}{128} + \frac{45045 x^{10} \sin{\left(4 x \right)}}{512} + \frac{225225 x^{9} \cos{\left(4 x \right)}}{1024} - \frac{2027025 x^{8} \sin{\left(4 x \right)}}{4096} - \frac{2027025 x^{7} \cos{\left(4 x \right)}}{2048} + \frac{14189175 x^{6} \sin{\left(4 x \right)}}{8192} + \frac{42567525 x^{5} \cos{\left(4 x \right)}}{16384} - \frac{212837625 x^{4} \sin{\left(4 x \right)}}{65536} - \frac{212837625 x^{3} \cos{\left(4 x \right)}}{65536} + \frac{638512875 x^{2} \sin{\left(4 x \right)}}{262144} + \frac{638512875 x \cos{\left(4 x \right)}}{524288} - \frac{638512875 \sin{\left(4 x \right)}}{2097152}
IBP_n15_sin_b06_09,15,sin,6,"Evaluate the indefinite integral.

\int x^{15} \sin(6x)\,dx

Show all steps. Give the antiderivative (omit the constant of integration) inside \boxed{}.",- \frac{x^{15} \cos{\left(6 x \right)}}{6} + \frac{5 x^{14} \sin{\left(6 x \right)}}{12} + \frac{35 x^{13} \cos{\left(6 x \right)}}{36} - \frac{455 x^{12} \sin{\left(6 x \right)}}{216} - \frac{455 x^{11} \cos{\left(6 x \right)}}{108} + \frac{5005 x^{10} \sin{\left(6 x \right)}}{648} + \frac{25025 x^{9} \cos{\left(6 x \right)}}{1944} - \frac{25025 x^{8} \sin{\left(6 x \right)}}{1296} - \frac{25025 x^{7} \cos{\left(6 x \right)}}{972} + \frac{175175 x^{6} \sin{\left(6 x \right)}}{5832} + \frac{175175 x^{5} \cos{\left(6 x \right)}}{5832} - \frac{875875 x^{4} \sin{\left(6 x \right)}}{34992} - \frac{875875 x^{3} \cos{\left(6 x \right)}}{52488} + \frac{875875 x^{2} \sin{\left(6 x \right)}}{104976} + \frac{875875 x \cos{\left(6 x \right)}}{314928} - \frac{875875 \sin{\left(6 x \right)}}{1889568}
IBP_n15_cos_b04_00,15,cos,4,"Evaluate the indefinite integral.

\int x^{15} \cos(4x)\,dx

Show all steps. Give the antiderivative (omit the constant of integration) inside \boxed{}.",\frac{x^{15} \sin{\left(4 x \right)}}{4} + \frac{15 x^{14} \cos{\left(4 x \right)}}{16} - \frac{105 x^{13} \sin{\left(4 x \right)}}{32} - \frac{1365 x^{12} \cos{\left(4 x \right)}}{128} + \frac{4095 x^{11} \sin{\left(4 x \right)}}{128} + \frac{45045 x^{10} \cos{\left(4 x \right)}}{512} - \frac{225225 x^{9} \sin{\left(4 x \right)}}{1024} - \frac{2027025 x^{8} \cos{\left(4 x \right)}}{4096} + \frac{2027025 x^{7} \sin{\left(4 x \right)}}{2048} + \frac{14189175 x^{6} \cos{\left(4 x \right)}}{8192} - \frac{42567525 x^{5} \sin{\left(4 x \right)}}{16384} - \frac{212837625 x^{4} \cos{\left(4 x \right)}}{65536} + \frac{212837625 x^{3} \sin{\left(4 x \right)}}{65536} + \frac{638512875 x^{2} \cos{\left(4 x \right)}}{262144} - \frac{638512875 x \sin{\left(4 x \right)}}{524288} - \frac{638512875 \cos{\left(4 x \right)}}{2097152}
IBP_n15_cos_b07_01,15,cos,7,"Evaluate the indefinite integral.

\int x^{15} \cos(7x)\,dx

Show all steps. Give the antiderivative (omit the constant of integration) inside \boxed{}.",\frac{x^{15} \sin{\left(7 x \right)}}{7} + \frac{15 x^{14} \cos{\left(7 x \right)}}{49} - \frac{30 x^{13} \sin{\left(7 x \right)}}{49} - \frac{390 x^{12} \cos{\left(7 x \right)}}{343} + \frac{4680 x^{11} \sin{\left(7 x \right)}}{2401} + \frac{51480 x^{10} \cos{\left(7 x \right)}}{16807} - \frac{514800 x^{9} \sin{\left(7 x \right)}}{117649} - \frac{4633200 x^{8} \cos{\left(7 x \right)}}{823543} + \frac{37065600 x^{7} \sin{\left(7 x \right)}}{5764801} + \frac{37065600 x^{6} \cos{\left(7 x \right)}}{5764801} - \frac{222393600 x^{5} \sin{\left(7 x \right)}}{40353607} - \frac{1111968000 x^{4} \cos{\left(7 x \right)}}{282475249} + \frac{4447872000 x^{3} \sin{\left(7 x \right)}}{1977326743} + \frac{13343616000 x^{2} \cos{\left(7 x \right)}}{13841287201} - \frac{26687232000 x \sin{\left(7 x \right)}}{96889010407} - \frac{26687232000 \cos{\left(7 x \right)}}{678223072849}
IBP_n15_cos_b03_02,15,cos,3,"Evaluate the indefinite integral.

\int x^{15} \cos(3x)\,dx

Show all steps. Give the antiderivative (omit the constant of integration) inside \boxed{}.",\frac{x^{15} \sin{\left(3 x \right)}}{3} + \frac{5 x^{14} \cos{\left(3 x \right)}}{3} - \frac{70 x^{13} \sin{\left(3 x \right)}}{9} - \frac{910 x^{12} \cos{\left(3 x \right)}}{27} + \frac{3640 x^{11} \sin{\left(3 x \right)}}{27} + \frac{40040 x^{10} \cos{\left(3 x \right)}}{81} - \frac{400400 x^{9} \sin{\left(3 x \right)}}{243} - \frac{400400 x^{8} \cos{\left(3 x \right)}}{81} + \frac{3203200 x^{7} \sin{\left(3 x \right)}}{243} + \frac{22422400 x^{6} \cos{\left(3 x \right)}}{729} - \frac{44844800 x^{5} \sin{\left(3 x \right)}}{729} - \frac{224224000 x^{4} \cos{\left(3 x \right)}}{2187} + \frac{896896000 x^{3} \sin{\left(3 x \right)}}{6561} + \frac{896896000 x^{2} \cos{\left(3 x \right)}}{6561} - \frac{1793792000 x \sin{\left(3 x \right)}}{19683} - \frac{1793792000 \cos{\left(3 x \right)}}{59049}
IBP_n15_cos_b09_03,15,cos,9,"Evaluate the indefinite integral.

\int x^{15} \cos(9x)\,dx

Show all steps. Give the antiderivative (omit the constant of integration) inside \boxed{}.",\frac{x^{15} \sin{\left(9 x \right)}}{9} + \frac{5 x^{14} \cos{\left(9 x \right)}}{27} - \frac{70 x^{13} \sin{\left(9 x \right)}}{243} - \frac{910 x^{12} \cos{\left(9 x \right)}}{2187} + \frac{3640 x^{11} \sin{\left(9 x \right)}}{6561} + \frac{40040 x^{10} \cos{\left(9 x \right)}}{59049} - \frac{400400 x^{9} \sin{\left(9 x \right)}}{531441} - \frac{400400 x^{8} \cos{\left(9 x \right)}}{531441} + \frac{3203200 x^{7} \sin{\left(9 x \right)}}{4782969} + \frac{22422400 x^{6} \cos{\left(9 x \right)}}{43046721} - \frac{44844800 x^{5} \sin{\left(9 x \right)}}{129140163} - \frac{224224000 x^{4} \cos{\left(9 x \right)}}{1162261467} + \frac{896896000 x^{3} \sin{\left(9 x \right)}}{10460353203} + \frac{896896000 x^{2} \cos{\left(9 x \right)}}{31381059609} - \frac{1793792000 x \sin{\left(9 x \right)}}{282429536481} - \frac{1793792000 \cos{\left(9 x \right)}}{2541865828329}
IBP_n15_cos_b01_04,15,cos,1,"Evaluate the indefinite integral.

\int x^{15} \cos(x)\,dx

Show all steps. Give the antiderivative (omit the constant of integration) inside \boxed{}.",x^{15} \sin{\left(x \right)} + 15 x^{14} \cos{\left(x \right)} - 210 x^{13} \sin{\left(x \right)} - 2730 x^{12} \cos{\left(x \right)} + 32760 x^{11} \sin{\left(x \right)} + 360360 x^{10} \cos{\left(x \right)} - 3603600 x^{9} \sin{\left(x \right)} - 32432400 x^{8} \cos{\left(x \right)} + 259459200 x^{7} \sin{\left(x \right)} + 1816214400 x^{6} \cos{\left(x \right)} - 10897286400 x^{5} \sin{\left(x \right)} - 54486432000 x^{4} \cos{\left(x \right)} + 217945728000 x^{3} \sin{\left(x \right)} + 653837184000 x^{2} \cos{\left(x \right)} - 1307674368000 x \sin{\left(x \right)} - 1307674368000 \cos{\left(x \right)}
IBP_n15_cos_b10_05,15,cos,10,"Evaluate the indefinite integral.

\int x^{15} \cos(10x)\,dx

Show all steps. Give the antiderivative (omit the constant of integration) inside \boxed{}.",\frac{x^{15} \sin{\left(10 x \right)}}{10} + \frac{3 x^{14} \cos{\left(10 x \right)}}{20} - \frac{21 x^{13} \sin{\left(10 x \right)}}{100} - \frac{273 x^{12} \cos{\left(10 x \right)}}{1000} + \frac{819 x^{11} \sin{\left(10 x \right)}}{2500} + \frac{9009 x^{10} \cos{\left(10 x \right)}}{25000} - \frac{9009 x^{9} \sin{\left(10 x \right)}}{25000} - \frac{81081 x^{8} \cos{\left(10 x \right)}}{250000} + \frac{81081 x^{7} \sin{\left(10 x \right)}}{312500} + \frac{567567 x^{6} \cos{\left(10 x \right)}}{3125000} - \frac{1702701 x^{5} \sin{\left(10 x \right)}}{15625000} - \frac{1702701 x^{4} \cos{\left(10 x \right)}}{31250000} + \frac{1702701 x^{3} \sin{\left(10 x \right)}}{78125000} + \frac{5108103 x^{2} \cos{\left(10 x \right)}}{781250000} - \frac{5108103 x \sin{\left(10 x \right)}}{3906250000} - \frac{5108103 \cos{\left(10 x \right)}}{39062500000}
IBP_n15_cos_b08_06,15,cos,8,"Evaluate the indefinite integral.

\int x^{15} \cos(8x)\,dx

Show all steps. Give the antiderivative (omit the constant of integration) inside \boxed{}.",\frac{x^{15} \sin{\left(8 x \right)}}{8} + \frac{15 x^{14} \cos{\left(8 x \right)}}{64} - \frac{105 x^{13} \sin{\left(8 x \right)}}{256} - \frac{1365 x^{12} \cos{\left(8 x \right)}}{2048} + \frac{4095 x^{11} \sin{\left(8 x \right)}}{4096} + \frac{45045 x^{10} \cos{\left(8 x \right)}}{32768} - \frac{225225 x^{9} \sin{\left(8 x \right)}}{131072} - \frac{2027025 x^{8} \cos{\left(8 x \right)}}{1048576} + \frac{2027025 x^{7} \sin{\left(8 x \right)}}{1048576} + \frac{14189175 x^{6} \cos{\left(8 x \right)}}{8388608} - \frac{42567525 x^{5} \sin{\left(8 x \right)}}{33554432} - \frac{212837625 x^{4} \cos{\left(8 x \right)}}{268435456} + \frac{212837625 x^{3} \sin{\left(8 x \right)}}{536870912} + \frac{638512875 x^{2} \cos{\left(8 x \right)}}{4294967296} - \frac{638512875 x \sin{\left(8 x \right)}}{17179869184} - \frac{638512875 \cos{\left(8 x \right)}}{137438953472}
IBP_n15_cos_b02_07,15,cos,2,"Evaluate the indefinite integral.

\int x^{15} \cos(2x)\,dx

Show all steps. Give the antiderivative (omit the constant of integration) inside \boxed{}.",\frac{x^{15} \sin{\left(2 x \right)}}{2} + \frac{15 x^{14} \cos{\left(2 x \right)}}{4} - \frac{105 x^{13} \sin{\left(2 x \right)}}{4} - \frac{1365 x^{12} \cos{\left(2 x \right)}}{8} + \frac{4095 x^{11} \sin{\left(2 x \right)}}{4} + \frac{45045 x^{10} \cos{\left(2 x \right)}}{8} - \frac{225225 x^{9} \sin{\left(2 x \right)}}{8} - \frac{2027025 x^{8} \cos{\left(2 x \right)}}{16} + \frac{2027025 x^{7} \sin{\left(2 x \right)}}{4} + \frac{14189175 x^{6} \cos{\left(2 x \right)}}{8} - \frac{42567525 x^{5} \sin{\left(2 x \right)}}{8} - \frac{212837625 x^{4} \cos{\left(2 x \right)}}{16} + \frac{212837625 x^{3} \sin{\left(2 x \right)}}{8} + \frac{638512875 x^{2} \cos{\left(2 x \right)}}{16} - \frac{638512875 x \sin{\left(2 x \right)}}{16} - \frac{638512875 \cos{\left(2 x \right)}}{32}
IBP_n15_cos_b05_08,15,cos,5,"Evaluate the indefinite integral.

\int x^{15} \cos(5x)\,dx

Show all steps. Give the antiderivative (omit the constant of integration) inside \boxed{}.",\frac{x^{15} \sin{\left(5 x \right)}}{5} + \frac{3 x^{14} \cos{\left(5 x \right)}}{5} - \frac{42 x^{13} \sin{\left(5 x \right)}}{25} - \frac{546 x^{12} \cos{\left(5 x \right)}}{125} + \frac{6552 x^{11} \sin{\left(5 x \right)}}{625} + \frac{72072 x^{10} \cos{\left(5 x \right)}}{3125} - \frac{144144 x^{9} \sin{\left(5 x \right)}}{3125} - \frac{1297296 x^{8} \cos{\left(5 x \right)}}{15625} + \frac{10378368 x^{7} \sin{\left(5 x \right)}}{78125} + \frac{72648576 x^{6} \cos{\left(5 x \right)}}{390625} - \frac{435891456 x^{5} \sin{\left(5 x \right)}}{1953125} - \frac{435891456 x^{4} \cos{\left(5 x \right)}}{1953125} + \frac{1743565824 x^{3} \sin{\left(5 x \right)}}{9765625} + \frac{5230697472 x^{2} \cos{\left(5 x \right)}}{48828125} - \frac{10461394944 x \sin{\left(5 x \right)}}{244140625} - \frac{10461394944 \cos{\left(5 x \right)}}{1220703125}
IBP_n15_cos_b06_09,15,cos,6,"Evaluate the indefinite integral.

\int x^{15} \cos(6x)\,dx

Show all steps. Give the antiderivative (omit the constant of integration) inside \boxed{}.",\frac{x^{15} \sin{\left(6 x \right)}}{6} + \frac{5 x^{14} \cos{\left(6 x \right)}}{12} - \frac{35 x^{13} \sin{\left(6 x \right)}}{36} - \frac{455 x^{12} \cos{\left(6 x \right)}}{216} + \frac{455 x^{11} \sin{\left(6 x \right)}}{108} + \frac{5005 x^{10} \cos{\left(6 x \right)}}{648} - \frac{25025 x^{9} \sin{\left(6 x \right)}}{1944} - \frac{25025 x^{8} \cos{\left(6 x \right)}}{1296} + \frac{25025 x^{7} \sin{\left(6 x \right)}}{972} + \frac{175175 x^{6} \cos{\left(6 x \right)}}{5832} - \frac{175175 x^{5} \sin{\left(6 x \right)}}{5832} - \frac{875875 x^{4} \cos{\left(6 x \right)}}{34992} + \frac{875875 x^{3} \sin{\left(6 x \right)}}{52488} + \frac{875875 x^{2} \cos{\left(6 x \right)}}{104976} - \frac{875875 x \sin{\left(6 x \right)}}{314928} - \frac{875875 \cos{\left(6 x \right)}}{1889568}
IBP_n16_sin_b05_00,16,sin,5,"Evaluate the indefinite integral.

\int x^{16} \sin(5x)\,dx

Show all steps. Give the antiderivative (omit the constant of integration) inside \boxed{}.",- \frac{x^{16} \cos{\left(5 x \right)}}{5} + \frac{16 x^{15} \sin{\left(5 x \right)}}{25} + \frac{48 x^{14} \cos{\left(5 x \right)}}{25} - \frac{672 x^{13} \sin{\left(5 x \right)}}{125} - \frac{8736 x^{12} \cos{\left(5 x \right)}}{625} + \frac{104832 x^{11} \sin{\left(5 x \right)}}{3125} + \frac{1153152 x^{10} \cos{\left(5 x \right)}}{15625} - \frac{2306304 x^{9} \sin{\left(5 x \right)}}{15625} - \frac{20756736 x^{8} \cos{\left(5 x \right)}}{78125} + \frac{166053888 x^{7} \sin{\left(5 x \right)}}{390625} + \frac{1162377216 x^{6} \cos{\left(5 x \right)}}{1953125} - \frac{6974263296 x^{5} \sin{\left(5 x \right)}}{9765625} - \frac{6974263296 x^{4} \cos{\left(5 x \right)}}{9765625} + \frac{27897053184 x^{3} \sin{\left(5 x \right)}}{48828125} + \frac{83691159552 x^{2} \cos{\left(5 x \right)}}{244140625} - \frac{167382319104 x \sin{\left(5 x \right)}}{1220703125} - \frac{167382319104 \cos{\left(5 x \right)}}{6103515625}
IBP_n16_sin_b04_01,16,sin,4,"Evaluate the indefinite integral.

\int x^{16} \sin(4x)\,dx

Show all steps. Give the antiderivative (omit the constant of integration) inside \boxed{}.",- \frac{x^{16} \cos{\left(4 x \right)}}{4} + x^{15} \sin{\left(4 x \right)} + \frac{15 x^{14} \cos{\left(4 x \right)}}{4} - \frac{105 x^{13} \sin{\left(4 x \right)}}{8} - \frac{1365 x^{12} \cos{\left(4 x \right)}}{32} + \frac{4095 x^{11} \sin{\left(4 x \right)}}{32} + \frac{45045 x^{10} \cos{\left(4 x \right)}}{128} - \frac{225225 x^{9} \sin{\left(4 x \right)}}{256} - \frac{2027025 x^{8} \cos{\left(4 x \right)}}{1024} + \frac{2027025 x^{7} \sin{\left(4 x \right)}}{512} + \frac{14189175 x^{6} \cos{\left(4 x \right)}}{2048} - \frac{42567525 x^{5} \sin{\left(4 x \right)}}{4096} - \frac{212837625 x^{4} \cos{\left(4 x \right)}}{16384} + \frac{212837625 x^{3} \sin{\left(4 x \right)}}{16384} + \frac{638512875 x^{2} \cos{\left(4 x \right)}}{65536} - \frac{638512875 x \sin{\left(4 x \right)}}{131072} - \frac{638512875 \cos{\left(4 x \right)}}{524288}
IBP_n16_sin_b01_02,16,sin,1,"Evaluate the indefinite integral.

\int x^{16} \sin(x)\,dx

Show all steps. Give the antiderivative (omit the constant of integration) inside \boxed{}.",- x^{16} \cos{\left(x \right)} + 16 x^{15} \sin{\left(x \right)} + 240 x^{14} \cos{\left(x \right)} - 3360 x^{13} \sin{\left(x \right)} - 43680 x^{12} \cos{\left(x \right)} + 524160 x^{11} \sin{\left(x \right)} + 5765760 x^{10} \cos{\left(x \right)} - 57657600 x^{9} \sin{\left(x \right)} - 518918400 x^{8} \cos{\left(x \right)} + 4151347200 x^{7} \sin{\left(x \right)} + 29059430400 x^{6} \cos{\left(x \right)} - 174356582400 x^{5} \sin{\left(x \right)} - 871782912000 x^{4} \cos{\left(x \right)} + 3487131648000 x^{3} \sin{\left(x \right)} + 10461394944000 x^{2} \cos{\left(x \right)} - 20922789888000 x \sin{\left(x \right)} - 20922789888000 \cos{\left(x \right)}
IBP_n16_sin_b10_03,16,sin,10,"Evaluate the indefinite integral.

\int x^{16} \sin(10x)\,dx

Show all steps. Give the antiderivative (omit the constant of integration) inside \boxed{}.",- \frac{x^{16} \cos{\left(10 x \right)}}{10} + \frac{4 x^{15} \sin{\left(10 x \right)}}{25} + \frac{6 x^{14} \cos{\left(10 x \right)}}{25} - \frac{42 x^{13} \sin{\left(10 x \right)}}{125} - \frac{273 x^{12} \cos{\left(10 x \right)}}{625} + \frac{1638 x^{11} \sin{\left(10 x \right)}}{3125} + \frac{9009 x^{10} \cos{\left(10 x \right)}}{15625} - \frac{9009 x^{9} \sin{\left(10 x \right)}}{15625} - \frac{81081 x^{8} \cos{\left(10 x \right)}}{156250} + \frac{162162 x^{7} \sin{\left(10 x \right)}}{390625} + \frac{567567 x^{6} \cos{\left(10 x \right)}}{1953125} - \frac{1702701 x^{5} \sin{\left(10 x \right)}}{9765625} - \frac{1702701 x^{4} \cos{\left(10 x \right)}}{19531250} + \frac{1702701 x^{3} \sin{\left(10 x \right)}}{48828125} + \frac{5108103 x^{2} \cos{\left(10 x \right)}}{488281250} - \frac{5108103 x \sin{\left(10 x \right)}}{2441406250} - \frac{5108103 \cos{\left(10 x \right)}}{24414062500}
IBP_n16_sin_b06_04,16,sin,6,"Evaluate the indefinite integral.

\int x^{16} \sin(6x)\,dx

Show all steps. Give the antiderivative (omit the constant of integration) inside \boxed{}.",- \frac{x^{16} \cos{\left(6 x \right)}}{6} + \frac{4 x^{15} \sin{\left(6 x \right)}}{9} + \frac{10 x^{14} \cos{\left(6 x \right)}}{9} - \frac{70 x^{13} \sin{\left(6 x \right)}}{27} - \frac{455 x^{12} \cos{\left(6 x \right)}}{81} + \frac{910 x^{11} \sin{\left(6 x \right)}}{81} + \frac{5005 x^{10} \cos{\left(6 x \right)}}{243} - \frac{25025 x^{9} \sin{\left(6 x \right)}}{729} - \frac{25025 x^{8} \cos{\left(6 x \right)}}{486} + \frac{50050 x^{7} \sin{\left(6 x \right)}}{729} + \frac{175175 x^{6} \cos{\left(6 x \right)}}{2187} - \frac{175175 x^{5} \sin{\left(6 x \right)}}{2187} - \frac{875875 x^{4} \cos{\left(6 x \right)}}{13122} + \frac{875875 x^{3} \sin{\left(6 x \right)}}{19683} + \frac{875875 x^{2} \cos{\left(6 x \right)}}{39366} - \frac{875875 x \sin{\left(6 x \right)}}{118098} - \frac{875875 \cos{\left(6 x \right)}}{708588}
IBP_n16_sin_b02_05,16,sin,2,"Evaluate the indefinite integral.

\int x^{16} \sin(2x)\,dx

Show all steps. Give the antiderivative (omit the constant of integration) inside \boxed{}.",- \frac{x^{16} \cos{\left(2 x \right)}}{2} + 4 x^{15} \sin{\left(2 x \right)} + 30 x^{14} \cos{\left(2 x \right)} - 210 x^{13} \sin{\left(2 x \right)} - 1365 x^{12} \cos{\left(2 x \right)} + 8190 x^{11} \sin{\left(2 x \right)} + 45045 x^{10} \cos{\left(2 x \right)} - 225225 x^{9} \sin{\left(2 x \right)} - \frac{2027025 x^{8} \cos{\left(2 x \right)}}{2} + 4054050 x^{7} \sin{\left(2 x \right)} + 14189175 x^{6} \cos{\left(2 x \right)} - 42567525 x^{5} \sin{\left(2 x \right)} - \frac{212837625 x^{4} \cos{\left(2 x \right)}}{2} + 212837625 x^{3} \sin{\left(2 x \right)} + \frac{638512875 x^{2} \cos{\left(2 x \right)}}{2} - \frac{638512875 x \sin{\left(2 x \right)}}{2} - \frac{638512875 \cos{\left(2 x \right)}}{4}
IBP_n16_sin_b03_06,16,sin,3,"Evaluate the indefinite integral.

\int x^{16} \sin(3x)\,dx

Show all steps. Give the antiderivative (omit the constant of integration) inside \boxed{}.",- \frac{x^{16} \cos{\left(3 x \right)}}{3} + \frac{16 x^{15} \sin{\left(3 x \right)}}{9} + \frac{80 x^{14} \cos{\left(3 x \right)}}{9} - \frac{1120 x^{13} \sin{\left(3 x \right)}}{27} - \frac{14560 x^{12} \cos{\left(3 x \right)}}{81} + \frac{58240 x^{11} \sin{\left(3 x \right)}}{81} + \frac{640640 x^{10} \cos{\left(3 x \right)}}{243} - \frac{6406400 x^{9} \sin{\left(3 x \right)}}{729} - \frac{6406400 x^{8} \cos{\left(3 x \right)}}{243} + \frac{51251200 x^{7} \sin{\left(3 x \right)}}{729} + \frac{358758400 x^{6} \cos{\left(3 x \right)}}{2187} - \frac{717516800 x^{5} \sin{\left(3 x \right)}}{2187} - \frac{3587584000 x^{4} \cos{\left(3 x \right)}}{6561} + \frac{14350336000 x^{3} \sin{\left(3 x \right)}}{19683} + \frac{14350336000 x^{2} \cos{\left(3 x \right)}}{19683} - \frac{28700672000 x \sin{\left(3 x \right)}}{59049} - \frac{28700672000 \cos{\left(3 x \right)}}{177147}
IBP_n16_sin_b08_07,16,sin,8,"Evaluate the indefinite integral.

\int x^{16} \sin(8x)\,dx

Show all steps. Give the antiderivative (omit the constant of integration) inside \boxed{}.",- \frac{x^{16} \cos{\left(8 x \right)}}{8} + \frac{x^{15} \sin{\left(8 x \right)}}{4} + \frac{15 x^{14} \cos{\left(8 x \right)}}{32} - \frac{105 x^{13} \sin{\left(8 x \right)}}{128} - \frac{1365 x^{12} \cos{\left(8 x \right)}}{1024} + \frac{4095 x^{11} \sin{\left(8 x \right)}}{2048} + \frac{45045 x^{10} \cos{\left(8 x \right)}}{16384} - \frac{225225 x^{9} \sin{\left(8 x \right)}}{65536} - \frac{2027025 x^{8} \cos{\left(8 x \right)}}{524288} + \frac{2027025 x^{7} \sin{\left(8 x \right)}}{524288} + \frac{14189175 x^{6} \cos{\left(8 x \right)}}{4194304} - \frac{42567525 x^{5} \sin{\left(8 x \right)}}{16777216} - \frac{212837625 x^{4} \cos{\left(8 x \right)}}{134217728} + \frac{212837625 x^{3} \sin{\left(8 x \right)}}{268435456} + \frac{638512875 x^{2} \cos{\left(8 x \right)}}{2147483648} - \frac{638512875 x \sin{\left(8 x \right)}}{8589934592} - \frac{638512875 \cos{\left(8 x \right)}}{68719476736}
IBP_n16_sin_b09_08,16,sin,9,"Evaluate the indefinite integral.

\int x^{16} \sin(9x)\,dx

Show all steps. Give the antiderivative (omit the constant of integration) inside \boxed{}.",- \frac{x^{16} \cos{\left(9 x \right)}}{9} + \frac{16 x^{15} \sin{\left(9 x \right)}}{81} + \frac{80 x^{14} \cos{\left(9 x \right)}}{243} - \frac{1120 x^{13} \sin{\left(9 x \right)}}{2187} - \frac{14560 x^{12} \cos{\left(9 x \right)}}{19683} + \frac{58240 x^{11} \sin{\left(9 x \right)}}{59049} + \frac{640640 x^{10} \cos{\left(9 x \right)}}{531441} - \frac{6406400 x^{9} \sin{\left(9 x \right)}}{4782969} - \frac{6406400 x^{8} \cos{\left(9 x \right)}}{4782969} + \frac{51251200 x^{7} \sin{\left(9 x \right)}}{43046721} + \frac{358758400 x^{6} \cos{\left(9 x \right)}}{387420489} - \frac{717516800 x^{5} \sin{\left(9 x \right)}}{1162261467} - \frac{3587584000 x^{4} \cos{\left(9 x \right)}}{10460353203} + \frac{14350336000 x^{3} \sin{\left(9 x \right)}}{94143178827} + \frac{14350336000 x^{2} \cos{\left(9 x \right)}}{282429536481} - \frac{28700672000 x \sin{\left(9 x \right)}}{2541865828329} - \frac{28700672000 \cos{\left(9 x \right)}}{22876792454961}
IBP_n16_sin_b07_09,16,sin,7,"Evaluate the indefinite integral.

\int x^{16} \sin(7x)\,dx

Show all steps. Give the antiderivative (omit the constant of integration) inside \boxed{}.",- \frac{x^{16} \cos{\left(7 x \right)}}{7} + \frac{16 x^{15} \sin{\left(7 x \right)}}{49} + \frac{240 x^{14} \cos{\left(7 x \right)}}{343} - \frac{480 x^{13} \sin{\left(7 x \right)}}{343} - \frac{6240 x^{12} \cos{\left(7 x \right)}}{2401} + \frac{74880 x^{11} \sin{\left(7 x \right)}}{16807} + \frac{823680 x^{10} \cos{\left(7 x \right)}}{117649} - \frac{8236800 x^{9} \sin{\left(7 x \right)}}{823543} - \frac{74131200 x^{8} \cos{\left(7 x \right)}}{5764801} + \frac{593049600 x^{7} \sin{\left(7 x \right)}}{40353607} + \frac{593049600 x^{6} \cos{\left(7 x \right)}}{40353607} - \frac{3558297600 x^{5} \sin{\left(7 x \right)}}{282475249} - \frac{17791488000 x^{4} \cos{\left(7 x \right)}}{1977326743} + \frac{71165952000 x^{3} \sin{\left(7 x \right)}}{13841287201} + \frac{213497856000 x^{2} \cos{\left(7 x \right)}}{96889010407} - \frac{426995712000 x \sin{\left(7 x \right)}}{678223072849} - \frac{426995712000 \cos{\left(7 x \right)}}{4747561509943}
IBP_n16_cos_b09_00,16,cos,9,"Evaluate the indefinite integral.

\int x^{16} \cos(9x)\,dx

Show all steps. Give the antiderivative (omit the constant of integration) inside \boxed{}.",\frac{x^{16} \sin{\left(9 x \right)}}{9} + \frac{16 x^{15} \cos{\left(9 x \right)}}{81} - \frac{80 x^{14} \sin{\left(9 x \right)}}{243} - \frac{1120 x^{13} \cos{\left(9 x \right)}}{2187} + \frac{14560 x^{12} \sin{\left(9 x \right)}}{19683} + \frac{58240 x^{11} \cos{\left(9 x \right)}}{59049} - \frac{640640 x^{10} \sin{\left(9 x \right)}}{531441} - \frac{6406400 x^{9} \cos{\left(9 x \right)}}{4782969} + \frac{6406400 x^{8} \sin{\left(9 x \right)}}{4782969} + \frac{51251200 x^{7} \cos{\left(9 x \right)}}{43046721} - \frac{358758400 x^{6} \sin{\left(9 x \right)}}{387420489} - \frac{717516800 x^{5} \cos{\left(9 x \right)}}{1162261467} + \frac{3587584000 x^{4} \sin{\left(9 x \right)}}{10460353203} + \frac{14350336000 x^{3} \cos{\left(9 x \right)}}{94143178827} - \frac{14350336000 x^{2} \sin{\left(9 x \right)}}{282429536481} - \frac{28700672000 x \cos{\left(9 x \right)}}{2541865828329} + \frac{28700672000 \sin{\left(9 x \right)}}{22876792454961}
IBP_n16_cos_b06_01,16,cos,6,"Evaluate the indefinite integral.

\int x^{16} \cos(6x)\,dx

Show all steps. Give the antiderivative (omit the constant of integration) inside \boxed{}.",\frac{x^{16} \sin{\left(6 x \right)}}{6} + \frac{4 x^{15} \cos{\left(6 x \right)}}{9} - \frac{10 x^{14} \sin{\left(6 x \right)}}{9} - \frac{70 x^{13} \cos{\left(6 x \right)}}{27} + \frac{455 x^{12} \sin{\left(6 x \right)}}{81} + \frac{910 x^{11} \cos{\left(6 x \right)}}{81} - \frac{5005 x^{10} \sin{\left(6 x \right)}}{243} - \frac{25025 x^{9} \cos{\left(6 x \right)}}{729} + \frac{25025 x^{8} \sin{\left(6 x \right)}}{486} + \frac{50050 x^{7} \cos{\left(6 x \right)}}{729} - \frac{175175 x^{6} \sin{\left(6 x \right)}}{2187} - \frac{175175 x^{5} \cos{\left(6 x \right)}}{2187} + \frac{875875 x^{4} \sin{\left(6 x \right)}}{13122} + \frac{875875 x^{3} \cos{\left(6 x \right)}}{19683} - \frac{875875 x^{2} \sin{\left(6 x \right)}}{39366} - \frac{875875 x \cos{\left(6 x \right)}}{118098} + \frac{875875 \sin{\left(6 x \right)}}{708588}
IBP_n16_cos_b02_02,16,cos,2,"Evaluate the indefinite integral.

\int x^{16} \cos(2x)\,dx

Show all steps. Give the antiderivative (omit the constant of integration) inside \boxed{}.",\frac{x^{16} \sin{\left(2 x \right)}}{2} + 4 x^{15} \cos{\left(2 x \right)} - 30 x^{14} \sin{\left(2 x \right)} - 210 x^{13} \cos{\left(2 x \right)} + 1365 x^{12} \sin{\left(2 x \right)} + 8190 x^{11} \cos{\left(2 x \right)} - 45045 x^{10} \sin{\left(2 x \right)} - 225225 x^{9} \cos{\left(2 x \right)} + \frac{2027025 x^{8} \sin{\left(2 x \right)}}{2} + 4054050 x^{7} \cos{\left(2 x \right)} - 14189175 x^{6} \sin{\left(2 x \right)} - 42567525 x^{5} \cos{\left(2 x \right)} + \frac{212837625 x^{4} \sin{\left(2 x \right)}}{2} + 212837625 x^{3} \cos{\left(2 x \right)} - \frac{638512875 x^{2} \sin{\left(2 x \right)}}{2} - \frac{638512875 x \cos{\left(2 x \right)}}{2} + \frac{638512875 \sin{\left(2 x \right)}}{4}
IBP_n16_cos_b04_03,16,cos,4,"Evaluate the indefinite integral.

\int x^{16} \cos(4x)\,dx

Show all steps. Give the antiderivative (omit the constant of integration) inside \boxed{}.",\frac{x^{16} \sin{\left(4 x \right)}}{4} + x^{15} \cos{\left(4 x \right)} - \frac{15 x^{14} \sin{\left(4 x \right)}}{4} - \frac{105 x^{13} \cos{\left(4 x \right)}}{8} + \frac{1365 x^{12} \sin{\left(4 x \right)}}{32} + \frac{4095 x^{11} \cos{\left(4 x \right)}}{32} - \frac{45045 x^{10} \sin{\left(4 x \right)}}{128} - \frac{225225 x^{9} \cos{\left(4 x \right)}}{256} + \frac{2027025 x^{8} \sin{\left(4 x \right)}}{1024} + \frac{2027025 x^{7} \cos{\left(4 x \right)}}{512} - \frac{14189175 x^{6} \sin{\left(4 x \right)}}{2048} - \frac{42567525 x^{5} \cos{\left(4 x \right)}}{4096} + \frac{212837625 x^{4} \sin{\left(4 x \right)}}{16384} + \frac{212837625 x^{3} \cos{\left(4 x \right)}}{16384} - \frac{638512875 x^{2} \sin{\left(4 x \right)}}{65536} - \frac{638512875 x \cos{\left(4 x \right)}}{131072} + \frac{638512875 \sin{\left(4 x \right)}}{524288}
IBP_n16_cos_b01_04,16,cos,1,"Evaluate the indefinite integral.

\int x^{16} \cos(x)\,dx

Show all steps. Give the antiderivative (omit the constant of integration) inside \boxed{}.",x^{16} \sin{\left(x \right)} + 16 x^{15} \cos{\left(x \right)} - 240 x^{14} \sin{\left(x \right)} - 3360 x^{13} \cos{\left(x \right)} + 43680 x^{12} \sin{\left(x \right)} + 524160 x^{11} \cos{\left(x \right)} - 5765760 x^{10} \sin{\left(x \right)} - 57657600 x^{9} \cos{\left(x \right)} + 518918400 x^{8} \sin{\left(x \right)} + 4151347200 x^{7} \cos{\left(x \right)} - 29059430400 x^{6} \sin{\left(x \right)} - 174356582400 x^{5} \cos{\left(x \right)} + 871782912000 x^{4} \sin{\left(x \right)} + 3487131648000 x^{3} \cos{\left(x \right)} - 10461394944000 x^{2} \sin{\left(x \right)} - 20922789888000 x \cos{\left(x \right)} + 20922789888000 \sin{\left(x \right)}
IBP_n16_cos_b03_05,16,cos,3,"Evaluate the indefinite integral.

\int x^{16} \cos(3x)\,dx

Show all steps. Give the antiderivative (omit the constant of integration) inside \boxed{}.",\frac{x^{16} \sin{\left(3 x \right)}}{3} + \frac{16 x^{15} \cos{\left(3 x \right)}}{9} - \frac{80 x^{14} \sin{\left(3 x \right)}}{9} - \frac{1120 x^{13} \cos{\left(3 x \right)}}{27} + \frac{14560 x^{12} \sin{\left(3 x \right)}}{81} + \frac{58240 x^{11} \cos{\left(3 x \right)}}{81} - \frac{640640 x^{10} \sin{\left(3 x \right)}}{243} - \frac{6406400 x^{9} \cos{\left(3 x \right)}}{729} + \frac{6406400 x^{8} \sin{\left(3 x \right)}}{243} + \frac{51251200 x^{7} \cos{\left(3 x \right)}}{729} - \frac{358758400 x^{6} \sin{\left(3 x \right)}}{2187} - \frac{717516800 x^{5} \cos{\left(3 x \right)}}{2187} + \frac{3587584000 x^{4} \sin{\left(3 x \right)}}{6561} + \frac{14350336000 x^{3} \cos{\left(3 x \right)}}{19683} - \frac{14350336000 x^{2} \sin{\left(3 x \right)}}{19683} - \frac{28700672000 x \cos{\left(3 x \right)}}{59049} + \frac{28700672000 \sin{\left(3 x \right)}}{177147}
IBP_n16_cos_b05_06,16,cos,5,"Evaluate the indefinite integral.

\int x^{16} \cos(5x)\,dx

Show all steps. Give the antiderivative (omit the constant of integration) inside \boxed{}.",\frac{x^{16} \sin{\left(5 x \right)}}{5} + \frac{16 x^{15} \cos{\left(5 x \right)}}{25} - \frac{48 x^{14} \sin{\left(5 x \right)}}{25} - \frac{672 x^{13} \cos{\left(5 x \right)}}{125} + \frac{8736 x^{12} \sin{\left(5 x \right)}}{625} + \frac{104832 x^{11} \cos{\left(5 x \right)}}{3125} - \frac{1153152 x^{10} \sin{\left(5 x \right)}}{15625} - \frac{2306304 x^{9} \cos{\left(5 x \right)}}{15625} + \frac{20756736 x^{8} \sin{\left(5 x \right)}}{78125} + \frac{166053888 x^{7} \cos{\left(5 x \right)}}{390625} - \frac{1162377216 x^{6} \sin{\left(5 x \right)}}{1953125} - \frac{6974263296 x^{5} \cos{\left(5 x \right)}}{9765625} + \frac{6974263296 x^{4} \sin{\left(5 x \right)}}{9765625} + \frac{27897053184 x^{3} \cos{\left(5 x \right)}}{48828125} - \frac{83691159552 x^{2} \sin{\left(5 x \right)}}{244140625} - \frac{167382319104 x \cos{\left(5 x \right)}}{1220703125} + \frac{167382319104 \sin{\left(5 x \right)}}{6103515625}
IBP_n16_cos_b10_07,16,cos,10,"Evaluate the indefinite integral.

\int x^{16} \cos(10x)\,dx

Show all steps. Give the antiderivative (omit the constant of integration) inside \boxed{}.",\frac{x^{16} \sin{\left(10 x \right)}}{10} + \frac{4 x^{15} \cos{\left(10 x \right)}}{25} - \frac{6 x^{14} \sin{\left(10 x \right)}}{25} - \frac{42 x^{13} \cos{\left(10 x \right)}}{125} + \frac{273 x^{12} \sin{\left(10 x \right)}}{625} + \frac{1638 x^{11} \cos{\left(10 x \right)}}{3125} - \frac{9009 x^{10} \sin{\left(10 x \right)}}{15625} - \frac{9009 x^{9} \cos{\left(10 x \right)}}{15625} + \frac{81081 x^{8} \sin{\left(10 x \right)}}{156250} + \frac{162162 x^{7} \cos{\left(10 x \right)}}{390625} - \frac{567567 x^{6} \sin{\left(10 x \right)}}{1953125} - \frac{1702701 x^{5} \cos{\left(10 x \right)}}{9765625} + \frac{1702701 x^{4} \sin{\left(10 x \right)}}{19531250} + \frac{1702701 x^{3} \cos{\left(10 x \right)}}{48828125} - \frac{5108103 x^{2} \sin{\left(10 x \right)}}{488281250} - \frac{5108103 x \cos{\left(10 x \right)}}{2441406250} + \frac{5108103 \sin{\left(10 x \right)}}{24414062500}
IBP_n16_cos_b07_08,16,cos,7,"Evaluate the indefinite integral.

\int x^{16} \cos(7x)\,dx

Show all steps. Give the antiderivative (omit the constant of integration) inside \boxed{}.",\frac{x^{16} \sin{\left(7 x \right)}}{7} + \frac{16 x^{15} \cos{\left(7 x \right)}}{49} - \frac{240 x^{14} \sin{\left(7 x \right)}}{343} - \frac{480 x^{13} \cos{\left(7 x \right)}}{343} + \frac{6240 x^{12} \sin{\left(7 x \right)}}{2401} + \frac{74880 x^{11} \cos{\left(7 x \right)}}{16807} - \frac{823680 x^{10} \sin{\left(7 x \right)}}{117649} - \frac{8236800 x^{9} \cos{\left(7 x \right)}}{823543} + \frac{74131200 x^{8} \sin{\left(7 x \right)}}{5764801} + \frac{593049600 x^{7} \cos{\left(7 x \right)}}{40353607} - \frac{593049600 x^{6} \sin{\left(7 x \right)}}{40353607} - \frac{3558297600 x^{5} \cos{\left(7 x \right)}}{282475249} + \frac{17791488000 x^{4} \sin{\left(7 x \right)}}{1977326743} + \frac{71165952000 x^{3} \cos{\left(7 x \right)}}{13841287201} - \frac{213497856000 x^{2} \sin{\left(7 x \right)}}{96889010407} - \frac{426995712000 x \cos{\left(7 x \right)}}{678223072849} + \frac{426995712000 \sin{\left(7 x \right)}}{4747561509943}
IBP_n16_cos_b08_09,16,cos,8,"Evaluate the indefinite integral.

\int x^{16} \cos(8x)\,dx

Show all steps. Give the antiderivative (omit the constant of integration) inside \boxed{}.",\frac{x^{16} \sin{\left(8 x \right)}}{8} + \frac{x^{15} \cos{\left(8 x \right)}}{4} - \frac{15 x^{14} \sin{\left(8 x \right)}}{32} - \frac{105 x^{13} \cos{\left(8 x \right)}}{128} + \frac{1365 x^{12} \sin{\left(8 x \right)}}{1024} + \frac{4095 x^{11} \cos{\left(8 x \right)}}{2048} - \frac{45045 x^{10} \sin{\left(8 x \right)}}{16384} - \frac{225225 x^{9} \cos{\left(8 x \right)}}{65536} + \frac{2027025 x^{8} \sin{\left(8 x \right)}}{524288} + \frac{2027025 x^{7} \cos{\left(8 x \right)}}{524288} - \frac{14189175 x^{6} \sin{\left(8 x \right)}}{4194304} - \frac{42567525 x^{5} \cos{\left(8 x \right)}}{16777216} + \frac{212837625 x^{4} \sin{\left(8 x \right)}}{134217728} + \frac{212837625 x^{3} \cos{\left(8 x \right)}}{268435456} - \frac{638512875 x^{2} \sin{\left(8 x \right)}}{2147483648} - \frac{638512875 x \cos{\left(8 x \right)}}{8589934592} + \frac{638512875 \sin{\left(8 x \right)}}{68719476736}
